Class,Population,Odor,Stalk-surface-above-ring,Gill-spacing
p,s,p,s,c
e,n,a,s,c
e,n,l,s,c
p,s,p,s,c
e,a,n,s,w
e,n,a,s,c
e,n,a,s,c
e,s,l,s,c
p,v,p,s,c
e,s,a,s,c
e,n,l,s,c
e,s,a,s,c
e,s,a,s,c
p,v,p,s,c
e,a,n,s,w
e,y,n,s,c
e,a,n,s,w
p,s,p,s,c
p,s,p,s,c
p,s,p,s,c
e,s,a,s,c
p,v,p,s,c
e,s,l,s,c
e,n,a,s,c
e,s,l,s,c
p,v,p,s,c
e,n,a,s,c
e,n,l,s,c
e,y,n,s,c
e,v,a,s,w
e,n,l,s,c
p,s,p,s,c
e,n,l,s,c
e,y,l,s,c
e,s,l,s,c
e,v,l,s,w
e,v,n,s,c
p,s,p,s,c
e,v,a,s,w
e,s,l,s,c
e,s,a,s,c
e,y,l,s,c
e,y,n,s,c
p,v,p,s,c
e,n,a,s,c
e,n,a,s,c
e,s,l,s,c
e,n,l,s,c
e,s,l,s,c
e,s,l,s,c
e,s,a,s,c
e,s,l,s,c
e,n,l,s,c
p,v,p,s,c
p,v,p,s,c
e,s,a,s,c
e,a,n,s,w
e,n,a,s,c
e,n,l,s,c
e,y,a,s,c
e,v,n,s,c
e,s,a,s,c
e,s,l,s,c
e,n,l,s,c
e,s,l,s,c
e,a,n,s,w
e,s,l,s,c
e,s,a,s,c
e,n,a,s,c
e,v,n,s,c
e,v,l,s,w
e,s,l,s,c
e,v,l,s,w
e,s,a,s,c
e,s,a,s,c
e,v,l,s,w
e,v,l,s,w
e,y,l,s,c
p,v,p,s,c
e,y,a,s,c
e,s,n,f,w
p,s,p,s,c
e,y,n,s,c
e,s,n,s,w
e,s,l,s,c
e,s,n,s,w
e,s,a,s,c
e,s,l,s,c
e,y,l,s,c
e,v,n,s,c
e,y,n,s,c
e,s,l,s,c
e,s,a,s,c
e,n,l,s,c
e,a,n,s,w
e,s,a,s,c
e,s,l,s,c
e,n,a,s,c
e,s,a,s,c
e,s,a,s,c
e,s,n,f,w
e,n,l,s,c
e,s,l,s,c
e,y,a,s,c
e,n,l,s,c
e,n,a,s,c
e,y,a,s,c
e,s,l,s,c
e,s,a,s,c
e,n,a,s,c
e,n,l,s,c
e,y,n,s,c
e,v,a,s,w
e,n,a,s,c
p,v,p,s,c
e,s,l,s,c
e,y,n,s,c
e,y,l,s,c
e,v,l,s,w
e,y,n,s,c
p,v,p,s,c
e,n,a,s,c
p,v,p,s,c
e,a,n,s,w
e,s,l,s,c
e,s,n,s,w
e,n,a,s,c
e,a,n,s,w
e,n,l,s,c
e,s,l,s,c
e,s,l,s,c
e,s,l,s,c
e,v,l,s,w
e,s,l,s,c
e,v,a,s,w
p,v,p,s,c
e,v,l,s,w
e,s,a,s,c
p,v,p,s,c
e,n,l,s,c
e,y,a,s,c
e,n,l,s,c
e,v,n,s,c
e,y,a,s,c
e,n,a,s,c
e,s,n,f,w
e,a,n,s,w
e,n,l,s,c
e,n,l,s,c
e,n,a,s,c
e,s,a,s,c
e,a,n,f,w
e,s,l,s,c
e,v,n,s,c
e,v,a,s,w
e,s,l,s,c
e,n,a,s,c
e,n,a,s,c
e,s,a,s,c
e,s,a,s,c
e,s,l,s,c
e,n,a,s,c
e,y,n,s,c
e,y,l,s,c
e,s,a,s,c
e,y,l,s,c
e,s,a,s,c
e,s,a,s,c
e,y,l,s,c
e,s,a,s,c
e,y,n,s,c
e,s,l,s,c
e,v,l,s,w
e,s,a,s,c
e,s,l,s,c
e,n,l,s,c
e,n,a,s,c
e,s,a,s,c
e,n,l,s,c
e,n,l,s,c
p,v,p,s,c
e,y,n,s,c
e,v,n,s,c
e,s,a,s,c
e,s,a,s,c
p,s,p,s,c
e,s,l,s,c
e,v,n,s,c
e,n,l,s,c
e,y,a,s,c
e,s,n,s,w
e,v,l,s,w
e,s,l,s,c
e,v,a,s,w
e,n,a,s,c
e,y,n,s,c
e,s,a,s,c
e,n,l,s,c
e,s,l,s,c
e,v,a,s,w
e,s,l,s,c
e,s,l,s,c
e,n,a,s,c
e,s,n,f,w
e,y,l,s,c
p,v,p,s,c
e,n,a,s,c
e,s,a,s,c
e,n,l,s,c
e,n,a,s,c
e,s,a,s,c
e,n,l,s,c
e,v,a,s,w
e,y,n,s,c
e,s,a,s,c
e,n,l,s,c
e,s,a,s,c
e,s,a,s,c
e,s,l,s,c
e,v,n,s,c
e,n,a,s,c
p,s,p,s,c
e,s,a,s,c
e,v,a,s,w
e,n,l,s,c
e,s,l,s,c
e,n,a,s,c
e,s,a,s,c
p,v,p,s,c
e,n,a,s,c
e,y,n,s,c
p,s,p,s,c
e,y,l,s,c
e,v,n,s,c
e,n,l,s,c
e,v,l,s,w
e,s,l,s,c
e,s,l,s,c
e,s,l,s,c
e,s,a,s,c
e,y,a,s,c
e,s,l,s,c
e,n,a,s,c
p,v,p,s,c
e,v,a,s,w
e,s,l,s,c
e,v,l,s,w
e,s,a,s,c
e,y,l,s,c
e,s,n,f,w
e,y,a,s,c
p,s,p,s,c
e,v,n,s,c
e,s,l,s,c
e,s,l,s,c
e,n,l,s,c
e,v,n,s,c
e,n,a,s,c
e,n,l,s,c
e,n,a,s,c
e,s,l,s,c
p,v,p,s,c
e,n,a,s,c
e,s,a,s,c
e,v,l,s,w
e,v,n,s,c
e,a,n,s,w
e,s,a,s,c
e,s,a,s,c
p,s,p,s,c
e,n,l,s,c
p,v,p,s,c
e,s,l,s,c
e,n,a,s,c
e,s,a,s,c
e,s,a,s,c
e,y,a,s,c
e,n,a,s,c
e,s,n,s,w
e,n,l,s,c
p,s,p,s,c
e,n,a,s,c
e,v,n,s,c
e,s,l,s,c
e,n,l,s,c
e,s,a,s,c
e,s,a,s,c
e,s,a,s,c
e,y,l,s,c
e,y,n,s,c
e,y,n,s,c
e,s,l,s,c
e,s,l,s,c
e,s,l,s,c
e,s,a,s,c
e,n,a,s,c
e,s,a,s,c
e,s,n,f,w
e,v,a,s,w
p,s,p,s,c
e,a,n,f,w
e,s,a,s,c
e,v,l,s,w
e,s,a,s,c
e,s,l,s,c
e,y,n,s,c
e,s,l,s,c
e,n,l,s,c
e,y,a,s,c
e,s,n,s,w
e,s,l,s,c
p,v,p,s,c
e,s,l,s,c
e,v,a,s,w
e,n,a,s,c
p,v,p,s,c
e,v,a,s,w
e,n,a,s,c
e,v,l,s,w
e,v,l,s,w
e,s,l,s,c
e,v,a,s,w
e,s,a,s,c
e,s,a,s,c
e,s,l,s,c
e,n,l,s,c
e,s,a,s,c
p,v,p,s,c
e,n,l,s,c
e,n,a,s,c
p,v,p,s,c
e,s,l,s,c
e,n,l,s,c
e,s,a,s,c
e,n,l,s,c
e,y,n,s,c
e,y,a,s,c
e,s,l,s,c
e,v,n,s,c
e,y,l,s,c
e,s,a,s,c
e,n,a,s,c
e,s,a,s,c
e,v,a,s,w
e,s,l,s,c
e,a,n,s,w
e,v,l,s,w
e,n,a,s,c
e,s,n,s,w
e,y,n,s,c
e,a,n,f,w
e,s,a,s,c
e,s,a,s,c
e,s,a,s,c
e,s,l,s,c
e,v,n,s,c
e,y,a,s,c
p,s,p,s,c
e,y,a,s,c
e,s,a,s,c
e,s,n,s,w
e,a,n,f,w
e,a,n,f,w
e,s,a,s,c
e,n,a,s,c
e,v,n,s,c
e,s,a,s,c
e,v,a,s,w
e,n,a,s,c
e,s,n,s,w
e,s,a,s,c
e,y,l,s,c
e,s,a,s,c
e,y,n,s,c
e,s,a,s,c
e,n,l,s,c
e,y,n,s,c
e,n,l,s,c
e,n,l,s,c
e,s,a,s,c
p,s,p,s,c
e,s,n,f,w
e,s,a,s,c
e,n,a,s,c
e,y,n,s,c
p,s,p,s,c
e,y,l,s,c
e,a,n,s,w
e,n,l,s,c
e,n,a,s,c
e,s,a,s,c
e,n,l,s,c
e,n,a,s,c
e,v,n,s,c
e,s,a,s,c
e,a,n,f,w
e,n,l,s,c
e,s,l,s,c
e,v,n,s,c
p,s,p,s,c
e,n,l,s,c
e,n,a,s,c
p,v,p,s,c
e,s,l,s,c
e,s,l,s,c
e,s,l,s,c
e,n,l,s,c
e,s,a,s,c
e,s,a,s,c
e,y,l,s,c
e,s,a,s,c
e,s,n,f,w
e,s,l,s,c
e,y,l,s,c
p,v,p,s,c
e,n,a,s,c
e,v,l,s,w
p,s,p,s,c
e,n,l,s,c
e,a,n,f,w
e,s,l,s,c
e,s,a,s,c
p,s,p,s,c
e,s,l,s,c
e,n,l,s,c
e,v,a,s,w
e,y,a,s,c
e,n,a,s,c
e,a,n,f,w
e,v,n,s,c
e,s,a,s,c
e,y,l,s,c
e,s,l,s,c
e,s,l,s,c
e,v,l,s,w
e,n,a,s,c
e,v,a,s,w
e,n,l,s,c
e,n,l,s,c
e,y,a,s,c
e,s,l,s,c
e,s,l,s,c
e,y,a,s,c
e,n,l,s,c
e,n,l,s,c
e,s,l,s,c
e,n,l,s,c
e,s,l,s,c
e,s,l,s,c
e,y,n,s,c
e,s,l,s,c
e,n,l,s,c
e,n,l,s,c
e,v,l,s,w
e,n,l,s,c
e,a,n,s,w
e,n,a,s,c
e,s,l,s,c
e,y,a,s,c
e,y,a,s,c
e,s,a,s,c
e,s,l,s,c
e,s,a,s,c
e,n,a,s,c
e,v,n,s,c
e,y,a,s,c
e,n,a,s,c
e,n,l,s,c
e,n,l,s,c
e,s,a,s,c
e,n,l,s,c
e,n,a,s,c
e,v,a,s,w
e,y,n,s,c
e,v,l,s,w
e,y,n,s,c
e,y,n,s,c
e,n,a,s,c
e,v,a,s,w
e,s,l,s,c
e,s,a,s,c
e,s,l,s,c
e,v,l,s,w
e,y,n,s,c
e,v,a,s,w
e,y,a,s,c
e,s,l,s,c
e,y,n,s,c
e,s,l,s,c
e,s,a,s,c
e,v,a,s,w
p,s,p,s,c
p,v,p,s,c
e,s,l,s,c
e,s,a,s,c
e,n,a,s,c
e,a,n,f,w
e,s,a,s,c
e,s,a,s,c
e,n,l,s,c
e,n,a,s,c
e,n,a,s,c
e,n,l,s,c
e,s,a,s,c
e,s,a,s,c
p,v,p,s,c
e,s,n,s,w
e,a,n,f,w
e,v,a,s,w
e,v,n,s,c
e,y,n,s,c
e,s,a,s,c
e,v,a,s,w
e,v,n,s,c
e,v,n,s,c
e,a,n,f,w
e,y,l,s,c
e,n,a,s,c
e,s,l,s,c
e,n,a,s,c
e,n,l,s,c
e,s,l,s,c
e,y,a,s,c
p,s,p,s,c
e,y,n,s,c
e,s,l,s,c
e,s,a,s,c
e,s,a,s,c
e,y,n,s,c
e,y,a,s,c
e,y,a,s,c
e,s,a,s,c
p,s,p,s,c
e,y,l,s,c
p,s,p,s,c
e,s,n,f,w
e,s,a,s,c
e,v,n,s,c
e,s,l,s,c
e,v,a,s,w
e,s,a,s,c
e,s,n,s,w
p,s,p,s,c
e,s,a,s,c
e,a,n,s,w
e,s,a,s,c
e,s,l,s,c
e,v,n,s,c
e,v,l,s,w
e,n,a,s,c
e,y,n,s,c
e,s,n,f,w
e,s,l,s,c
e,v,l,s,w
e,s,l,s,c
e,y,a,s,c
p,v,p,s,c
e,v,l,s,w
e,n,l,s,c
e,n,a,s,c
e,s,a,s,c
e,v,a,s,w
e,v,a,s,w
e,s,n,f,w
e,s,a,s,c
p,v,p,s,c
e,n,a,s,c
e,s,n,s,w
p,s,p,s,c
e,n,a,s,c
e,n,a,s,c
e,v,l,s,w
e,n,a,s,c
e,n,l,s,c
e,y,a,s,c
e,s,l,s,c
e,v,n,s,c
e,s,l,s,c
e,y,l,s,c
p,s,p,s,c
e,n,a,s,c
e,s,a,s,c
e,n,l,s,c
e,y,a,s,c
e,s,a,s,c
e,s,a,s,c
e,v,n,s,c
e,y,n,s,c
e,v,n,s,c
e,n,a,s,c
p,s,p,s,c
e,s,n,s,w
e,s,l,s,c
p,s,p,s,c
e,n,a,s,c
p,v,p,s,c
e,n,l,s,c
e,s,l,s,c
p,s,p,s,c
p,s,p,s,c
e,a,n,s,w
e,y,l,s,c
e,a,n,f,w
e,s,l,s,c
e,s,l,s,c
e,n,a,s,c
e,s,n,s,w
e,y,a,s,c
e,s,l,s,c
e,v,n,s,c
e,a,n,f,w
e,s,n,s,w
e,a,n,s,w
p,s,p,s,c
e,s,l,s,c
e,s,l,s,c
e,a,n,s,w
e,s,l,s,c
e,n,a,s,c
e,y,n,s,c
e,s,l,s,c
e,n,l,s,c
e,v,l,s,w
e,s,a,s,c
e,y,n,s,c
e,s,l,s,c
e,v,l,s,w
e,y,n,s,c
e,s,a,s,c
e,n,a,s,c
e,s,n,s,w
e,n,a,s,c
e,v,n,s,c
e,s,l,s,c
e,s,a,s,c
e,s,a,s,c
e,s,a,s,c
e,n,l,s,c
e,s,n,s,w
e,s,a,s,c
e,n,l,s,c
e,y,a,s,c
e,s,l,s,c
e,y,a,s,c
e,s,l,s,c
e,v,l,s,w
e,s,a,s,c
e,n,l,s,c
e,s,a,s,c
e,v,l,s,w
e,s,a,s,c
e,n,l,s,c
e,y,a,s,c
p,s,p,s,c
p,v,p,s,c
e,s,l,s,c
e,s,n,s,w
e,n,a,s,c
e,y,l,s,c
e,y,n,s,c
e,s,a,s,c
e,s,l,s,c
p,s,p,s,c
p,s,p,s,c
e,s,l,s,c
e,n,a,s,c
e,s,a,s,c
e,y,l,s,c
e,y,l,s,c
e,n,a,s,c
e,s,a,s,c
e,v,n,s,c
e,a,n,s,w
e,v,l,s,w
e,s,l,s,c
e,y,n,s,c
e,v,n,s,c
e,y,l,s,c
e,y,l,s,c
e,s,a,s,c
e,v,l,s,w
e,n,a,s,c
e,v,a,s,w
e,n,a,s,c
e,v,n,s,c
e,n,a,s,c
e,v,n,s,c
e,s,a,s,c
e,n,l,s,c
e,s,a,s,c
e,s,a,s,c
e,s,l,s,c
e,s,a,s,c
e,a,n,f,w
p,s,p,s,c
e,s,a,s,c
e,s,a,s,c
p,v,p,s,c
p,v,p,s,c
e,a,n,f,w
p,s,p,s,c
e,a,n,s,w
e,s,l,s,c
e,n,l,s,c
e,s,l,s,c
e,y,l,s,c
e,n,l,s,c
e,y,n,s,c
e,n,a,s,c
e,n,a,s,c
e,s,a,s,c
e,a,n,f,w
e,s,l,s,c
e,n,l,s,c
e,s,l,s,c
e,s,a,s,c
e,s,l,s,c
e,s,a,s,c
e,s,a,s,c
e,v,n,s,c
e,s,a,s,c
e,n,a,s,c
e,v,l,s,w
e,a,n,s,w
e,s,a,s,c
p,v,p,s,c
e,n,l,s,c
e,s,n,f,w
e,s,a,s,c
e,s,l,s,c
e,y,l,s,c
e,s,n,f,w
p,s,p,s,c
p,s,p,s,c
e,n,l,s,c
e,s,a,s,c
e,v,a,s,w
p,s,p,s,c
e,s,l,s,c
e,v,n,s,c
e,v,n,s,c
e,s,a,s,c
e,s,a,s,c
e,n,a,s,c
e,s,l,s,c
e,n,l,s,c
e,s,l,s,c
e,s,a,s,c
p,v,p,s,c
e,v,a,s,w
e,s,a,s,c
e,n,l,s,c
e,v,a,s,w
e,s,l,s,c
e,n,a,s,c
e,n,a,s,c
e,y,l,s,c
e,a,n,f,w
e,n,a,s,c
e,y,a,s,c
e,n,l,s,c
e,y,l,s,c
e,n,l,s,c
e,v,n,s,c
e,s,l,s,c
e,a,n,s,w
e,v,l,s,w
e,y,n,s,c
e,s,a,s,c
e,n,a,s,c
e,n,a,s,c
e,s,l,s,c
e,n,a,s,c
e,v,a,s,w
e,a,n,f,w
e,s,a,s,c
p,s,p,s,c
e,y,a,s,c
e,n,l,s,c
e,n,l,s,c
e,s,a,s,c
e,y,n,s,c
e,s,l,s,c
e,s,l,s,c
e,n,a,s,c
p,v,p,s,c
e,v,n,s,c
e,n,l,s,c
p,s,p,s,c
e,y,l,s,c
e,s,l,s,c
e,y,l,s,c
e,n,a,s,c
e,n,a,s,c
p,v,p,s,c
p,s,p,s,c
e,n,l,s,c
e,s,n,f,w
p,v,p,s,c
e,s,l,s,c
e,n,a,s,c
e,n,a,s,c
p,v,p,s,c
e,n,l,s,c
e,n,a,s,c
e,s,l,s,c
e,s,a,s,c
e,y,a,s,c
e,s,l,s,c
e,v,l,s,w
e,n,a,s,c
e,n,a,s,c
p,v,p,s,c
p,v,p,s,c
p,v,p,s,c
e,s,a,s,c
e,y,a,s,c
e,y,a,s,c
e,v,a,s,w
e,n,l,s,c
e,n,l,s,c
e,v,n,s,c
e,s,a,s,c
e,s,l,s,c
e,s,a,s,c
e,s,l,s,c
e,v,l,s,w
e,v,a,s,w
e,s,l,s,c
e,v,l,s,w
e,v,n,s,c
e,v,a,s,w
e,y,l,s,c
e,s,l,s,c
e,y,l,s,c
p,v,p,s,c
e,s,l,s,c
p,s,p,s,c
e,s,a,s,c
e,s,a,s,c
e,v,a,s,w
p,v,p,s,c
e,s,a,s,c
e,y,n,s,c
e,n,a,s,c
e,s,n,s,w
e,s,a,s,c
e,s,l,s,c
e,n,l,s,c
e,v,l,s,w
e,s,l,s,c
e,s,a,s,c
e,y,n,s,c
e,a,n,f,w
e,v,n,s,c
e,s,l,s,c
e,v,l,s,w
e,s,a,s,c
e,n,a,s,c
p,v,p,s,c
e,y,l,s,c
e,s,a,s,c
e,s,a,s,c
e,n,a,s,c
e,s,a,s,c
e,s,l,s,c
e,v,n,s,c
e,y,l,s,c
e,y,n,s,c
e,n,l,s,c
e,y,a,s,c
e,n,l,s,c
e,s,a,s,c
e,v,n,s,c
e,s,a,s,c
e,s,l,s,c
e,n,a,s,c
e,n,l,s,c
e,y,l,s,c
e,n,l,s,c
e,v,a,s,w
e,s,n,s,w
e,n,a,s,c
e,n,l,s,c
e,s,l,s,c
e,v,a,s,w
e,s,a,s,c
e,y,a,s,c
e,y,a,s,c
e,n,l,s,c
e,y,n,s,c
e,y,l,s,c
e,n,a,s,c
e,s,a,s,c
e,s,l,s,c
e,s,l,s,c
e,n,a,s,c
e,n,l,s,c
e,s,l,s,c
e,s,l,s,c
e,y,l,s,c
e,a,n,f,w
e,s,n,f,w
e,s,n,f,w
e,n,l,s,c
e,s,n,f,w
p,s,p,s,c
e,s,n,f,w
p,v,p,s,c
p,v,p,s,c
e,n,l,s,c
e,a,n,f,w
e,n,l,s,c
e,a,n,s,w
e,s,n,s,w
e,n,a,s,c
e,s,l,s,c
e,y,n,s,c
e,a,n,f,w
e,s,n,s,w
e,a,n,f,w
e,a,n,f,w
e,n,l,s,c
e,v,l,s,w
e,s,n,f,w
e,a,n,f,w
e,a,n,f,w
p,s,p,s,c
e,y,n,s,c
e,n,a,s,c
e,a,n,s,w
e,s,n,s,w
p,v,p,s,c
e,s,l,s,c
e,y,n,s,c
e,s,n,s,w
e,n,a,s,c
e,s,n,s,w
e,a,n,f,w
e,y,n,s,c
e,n,a,s,c
e,s,n,f,w
p,s,p,s,c
e,s,n,s,w
e,v,n,s,c
e,a,n,f,w
e,s,n,f,w
e,s,l,s,c
e,a,n,f,w
p,v,p,s,c
p,s,p,s,c
e,s,l,s,c
e,a,n,s,w
e,a,n,s,w
e,s,n,f,w
e,s,l,s,c
p,v,p,s,c
e,v,n,s,c
e,v,l,s,w
e,n,l,s,c
e,a,n,f,w
e,a,n,f,w
e,v,n,s,c
e,y,n,s,c
e,s,n,f,w
e,s,n,s,w
p,s,p,s,c
e,y,n,s,c
e,s,n,f,w
e,s,n,s,w
e,s,n,f,w
e,v,n,s,c
e,v,n,s,c
e,s,n,s,w
e,y,n,s,c
e,s,n,f,w
e,n,l,s,c
e,y,n,s,c
e,s,l,s,c
e,a,n,f,w
e,y,n,s,c
e,s,l,s,c
e,s,n,s,w
e,s,n,s,w
p,s,p,s,c
e,s,n,f,w
e,a,n,f,w
e,a,n,s,w
e,a,n,s,w
e,n,l,s,c
e,n,l,s,c
e,a,n,s,w
e,s,n,f,w
e,v,n,s,c
e,s,n,s,w
e,a,n,f,w
e,s,l,s,c
e,v,a,s,w
e,n,l,s,c
p,v,p,s,c
e,y,n,s,c
e,y,l,s,c
e,s,n,s,w
p,v,p,s,c
e,y,l,s,c
e,a,n,s,w
e,a,n,f,w
e,s,n,f,w
e,a,n,s,w
e,s,l,s,c
e,s,a,s,c
e,s,n,s,w
e,s,a,s,c
e,s,n,s,w
e,s,n,f,w
e,v,a,s,w
e,s,l,s,c
e,y,n,s,c
p,s,p,s,c
e,v,n,s,c
e,a,n,f,w
e,n,a,s,c
e,n,a,s,c
e,s,a,s,c
p,v,p,s,c
p,s,p,s,c
e,v,n,s,c
e,v,l,s,w
e,n,l,s,c
e,a,n,s,w
e,y,n,s,c
p,v,p,s,c
e,s,n,s,w
e,s,n,s,w
e,s,n,s,w
e,a,n,f,w
e,s,a,s,c
e,v,a,s,w
e,y,n,s,c
p,s,p,s,c
e,y,a,s,c
e,s,a,s,c
e,a,n,s,w
e,v,n,s,c
e,a,n,f,w
e,s,a,s,c
e,s,n,s,w
p,s,p,s,c
e,v,n,s,c
e,a,n,f,w
e,v,n,s,c
e,y,n,s,c
e,a,n,s,w
e,s,l,s,c
e,s,n,f,w
e,s,l,s,c
e,v,l,s,w
e,s,n,s,w
e,n,l,s,c
e,s,n,s,w
e,a,n,s,w
e,v,l,s,w
e,s,n,f,w
e,s,n,f,w
p,s,p,s,c
e,v,l,s,w
e,s,a,s,c
e,a,n,f,w
e,v,n,s,c
e,s,l,s,c
e,a,n,s,w
p,v,p,s,c
e,s,a,s,c
e,y,n,s,c
e,s,l,s,c
e,a,n,f,w
e,y,n,s,c
p,v,p,s,c
e,s,n,f,w
e,s,l,s,c
e,a,n,s,w
p,v,p,s,c
e,n,l,s,c
e,s,n,f,w
e,n,l,s,c
e,s,n,s,w
e,n,l,s,c
e,n,l,s,c
p,v,p,s,c
e,s,l,s,c
e,y,n,s,c
e,y,a,s,c
e,a,n,s,w
e,v,l,s,w
e,a,n,f,w
p,v,p,s,c
e,a,n,s,w
e,a,n,f,w
e,s,n,f,w
p,s,p,s,c
e,a,n,f,w
e,s,n,f,w
e,s,n,s,w
p,s,p,s,c
e,a,n,s,w
e,a,n,f,w
p,v,p,s,c
e,a,n,s,w
e,n,l,s,c
e,a,n,f,w
e,a,n,f,w
p,s,p,s,c
e,s,a,s,c
e,a,n,f,w
e,s,l,s,c
e,s,n,s,w
e,s,n,f,w
e,s,n,f,w
e,s,n,f,w
e,s,n,s,w
e,s,n,f,w
e,a,n,s,w
e,s,n,f,w
e,v,n,s,c
e,v,a,s,w
e,s,n,s,w
e,a,n,s,w
e,n,a,s,c
e,a,n,s,w
e,a,n,s,w
p,v,p,s,c
e,a,n,f,w
p,s,p,s,c
e,s,n,f,w
e,n,a,s,c
e,s,n,s,w
e,y,n,s,c
e,s,l,s,c
e,a,n,s,w
e,a,n,f,w
e,a,n,s,w
e,v,n,s,c
e,s,n,s,w
e,a,n,s,w
e,a,n,f,w
e,s,n,f,w
e,s,n,f,w
e,a,n,s,w
e,a,n,f,w
e,a,n,f,w
e,a,n,f,w
e,y,a,s,c
p,v,p,s,c
e,a,n,f,w
p,v,p,s,c
e,s,a,s,c
e,s,n,s,w
e,a,n,s,w
e,s,n,s,w
e,s,n,f,w
e,n,a,s,c
e,s,n,f,w
e,v,n,s,c
e,s,a,s,c
e,s,n,f,w
e,n,a,s,c
p,v,p,s,c
e,y,n,s,c
e,s,n,s,w
e,n,a,s,c
e,s,n,f,w
e,v,n,s,c
e,a,n,f,w
e,v,n,s,c
e,v,n,s,c
e,y,n,s,c
e,s,l,s,c
e,v,n,s,c
e,a,n,s,w
e,s,a,s,c
e,y,l,s,c
e,y,l,s,c
e,a,n,f,w
e,n,a,s,c
e,s,a,s,c
e,a,n,f,w
e,a,n,s,w
p,v,p,s,c
e,s,l,s,c
e,s,n,s,w
e,s,n,f,w
e,s,l,s,c
e,v,n,s,c
e,s,l,s,c
e,n,a,s,c
p,s,p,s,c
e,s,n,f,w
e,n,a,s,c
e,n,l,s,c
e,s,l,s,c
e,n,l,s,c
e,n,a,s,c
e,n,a,s,c
e,s,n,s,w
p,s,p,s,c
e,a,n,s,w
e,a,n,s,w
p,s,p,s,c
e,a,n,f,w
e,s,n,s,w
e,a,n,s,w
e,a,n,s,w
e,y,a,s,c
e,a,n,f,w
e,a,n,s,w
p,v,p,s,c
e,a,n,f,w
e,s,n,f,w
e,a,n,f,w
e,s,n,f,w
e,s,a,s,c
e,s,n,f,w
e,a,n,f,w
e,s,n,f,w
e,a,n,f,w
e,s,n,s,w
e,v,n,s,c
e,a,n,s,w
p,v,p,s,c
e,y,n,s,c
e,s,n,s,w
p,s,p,s,c
e,a,n,f,w
e,a,n,f,w
e,a,n,s,w
e,a,n,s,w
e,a,n,f,w
e,s,n,s,w
e,s,n,s,w
e,s,n,s,w
p,v,p,s,c
e,a,n,f,w
p,s,p,s,c
p,s,p,s,c
e,s,n,s,w
e,a,n,s,w
e,a,n,s,w
e,a,n,s,w
e,a,n,f,w
e,a,n,f,w
e,y,n,s,c
e,v,n,s,c
e,a,n,s,w
p,v,p,s,c
p,s,p,s,c
e,a,n,f,w
p,s,p,s,c
e,s,n,s,w
e,a,n,f,w
p,v,p,s,c
p,v,p,s,c
p,v,p,s,c
p,s,p,s,c
e,a,n,f,w
e,v,n,s,c
e,a,n,f,w
e,a,n,f,w
p,v,p,s,c
e,s,n,f,w
e,y,n,s,c
e,s,n,f,w
e,s,n,f,w
p,s,p,s,c
e,a,n,f,w
e,s,n,s,w
p,s,p,s,c
e,a,n,s,w
e,s,n,s,w
e,s,n,s,w
e,s,n,f,w
e,n,a,s,c
e,a,n,s,w
e,s,n,s,w
e,s,n,f,w
e,a,n,f,w
e,a,n,f,w
p,s,p,s,c
e,s,n,f,w
e,y,n,s,c
e,a,n,s,w
e,v,n,s,c
e,a,n,f,w
e,a,n,s,w
p,v,p,s,c
p,v,p,s,c
e,a,n,f,w
e,v,n,s,c
e,s,n,s,w
e,s,a,s,c
e,a,n,s,w
e,a,n,s,w
e,a,n,f,w
e,s,n,s,w
e,y,n,s,c
e,a,n,s,w
e,s,n,s,w
e,s,n,f,w
e,s,n,s,w
e,a,n,s,w
e,s,n,s,w
e,s,n,f,w
e,a,n,s,w
p,s,p,s,c
e,a,n,f,w
e,n,l,s,c
e,s,n,f,w
e,s,n,s,w
e,y,n,s,c
e,s,l,s,c
e,s,n,s,w
e,y,n,s,c
p,s,p,s,c
e,s,n,f,w
p,s,p,s,c
e,a,n,f,w
e,a,n,s,w
e,n,l,s,c
e,a,n,f,w
e,a,n,s,w
e,s,n,f,w
e,s,n,s,w
e,a,n,s,w
p,v,p,s,c
e,a,n,s,w
e,a,n,s,w
e,y,n,s,c
e,a,n,s,w
e,y,n,s,c
e,n,a,s,c
e,s,n,f,w
e,a,n,s,w
e,a,n,f,w
p,s,p,s,c
e,y,n,s,c
e,s,n,s,w
e,a,n,s,w
p,v,p,s,c
e,s,n,f,w
e,y,n,s,c
e,v,n,s,c
e,v,n,s,c
e,s,n,f,w
e,s,n,f,w
e,a,n,s,w
e,a,n,f,w
e,a,n,f,w
e,s,n,f,w
e,a,n,s,w
e,a,n,f,w
e,s,n,f,w
e,a,n,f,w
p,v,p,s,c
e,a,n,s,w
e,s,n,s,w
e,a,n,s,w
e,s,n,f,w
e,a,n,s,w
e,a,n,s,w
e,v,n,s,c
e,a,n,f,w
e,s,n,f,w
e,s,n,s,w
e,s,n,s,w
e,s,l,s,c
p,s,p,s,c
p,v,p,s,c
e,s,n,s,w
e,s,n,s,w
p,s,p,s,c
e,s,n,s,w
p,v,p,s,c
e,a,n,s,w
p,v,p,s,c
e,a,n,f,w
e,a,n,f,w
e,a,n,s,w
e,s,n,s,w
e,v,n,s,c
e,v,n,s,c
e,s,n,s,w
e,y,n,s,c
e,s,n,s,w
e,a,n,f,w
e,s,n,f,w
e,s,n,s,w
e,y,n,s,c
e,s,n,s,w
e,s,n,f,w
e,s,n,s,w
p,s,p,s,c
e,s,n,s,w
e,y,a,s,c
e,y,n,s,c
e,a,n,s,w
e,a,n,f,w
p,s,p,s,c
e,a,n,f,w
e,a,n,s,w
e,a,n,s,w
e,s,n,s,w
e,s,n,f,w
e,s,n,s,w
e,a,n,f,w
e,a,n,s,w
e,a,n,f,w
e,a,n,s,w
e,s,l,s,c
e,a,n,f,w
e,s,n,f,w
e,a,n,f,w
p,s,p,s,c
e,s,n,s,w
e,v,n,s,c
e,s,n,s,w
e,a,n,s,w
e,a,n,s,w
e,s,n,s,w
e,s,n,f,w
e,s,l,s,c
p,v,p,s,c
e,s,n,s,w
e,v,n,s,c
p,s,p,s,c
p,s,p,s,c
p,s,p,s,c
e,y,n,s,c
e,n,l,s,c
p,s,p,s,c
e,a,n,s,w
e,s,n,f,w
e,y,n,s,c
e,a,n,f,w
e,s,n,s,w
e,s,n,f,w
p,s,p,s,c
p,v,p,s,c
e,s,n,s,w
e,s,n,f,w
e,v,n,s,c
e,s,n,f,w
e,a,n,f,w
p,v,p,s,c
e,a,n,f,w
p,v,p,s,c
e,a,n,f,w
e,s,n,f,w
e,a,n,s,w
e,y,n,s,c
e,s,n,f,w
p,s,p,s,c
e,v,n,s,c
e,s,n,f,w
e,s,n,f,w
e,v,a,s,w
e,s,n,f,w
e,v,n,s,c
e,y,n,s,c
e,v,a,s,w
e,a,n,s,w
e,s,n,s,w
e,y,n,s,c
e,a,n,f,w
p,v,p,s,c
e,s,n,s,w
e,a,n,s,w
e,s,n,s,w
e,a,n,f,w
e,a,n,f,w
p,s,p,s,c
e,s,n,f,w
e,a,n,f,w
e,s,n,f,w
e,s,n,s,w
e,a,n,s,w
e,y,l,s,c
p,v,p,s,c
e,a,n,s,w
e,s,n,f,w
e,s,n,s,w
p,s,p,s,c
e,s,n,f,w
p,s,p,s,c
e,s,n,f,w
e,s,n,f,w
e,a,n,s,w
e,s,n,s,w
e,s,n,s,w
e,s,n,s,w
e,a,n,s,w
e,s,n,s,w
e,a,n,s,w
e,n,a,s,c
e,s,n,s,w
e,a,n,s,w
e,a,n,f,w
e,y,n,s,c
p,s,p,s,c
e,y,n,s,c
e,a,n,f,w
e,y,n,s,c
e,a,n,f,w
e,s,n,s,w
e,a,n,s,w
e,s,a,s,c
e,v,a,s,w
e,a,n,f,w
e,a,n,s,w
e,s,n,s,w
e,s,a,s,c
e,s,n,f,w
e,s,l,s,c
e,s,n,s,w
e,a,n,s,w
e,s,n,f,w
e,a,n,s,w
e,s,n,f,w
e,y,n,s,c
e,s,n,f,w
e,n,a,s,c
e,a,n,f,w
p,s,p,s,c
e,s,n,s,w
p,s,p,s,c
e,s,n,s,w
e,s,n,f,w
p,s,p,s,c
e,a,n,f,w
p,s,p,s,c
e,s,n,f,w
e,s,n,s,w
p,v,p,s,c
e,a,n,s,w
e,a,n,s,w
e,s,n,f,w
e,a,n,f,w
e,y,n,s,c
p,s,p,s,c
e,s,n,f,w
e,y,a,s,c
e,a,n,s,w
e,a,n,f,w
e,n,l,s,c
e,a,n,s,w
e,a,n,f,w
e,a,n,s,w
p,s,p,s,c
e,a,n,s,w
e,n,a,s,c
e,a,n,s,w
e,s,n,s,w
e,a,n,f,w
e,s,n,s,w
e,a,n,f,w
e,v,n,s,c
e,n,l,s,c
e,v,n,s,c
p,s,p,s,c
e,a,n,s,w
p,v,p,s,c
e,a,n,s,w
e,a,n,s,w
e,a,n,s,w
e,a,n,f,w
e,s,n,f,w
e,s,l,s,c
e,a,n,s,w
e,s,n,f,w
p,v,p,s,c
e,a,n,s,w
p,s,p,s,c
e,a,n,s,w
e,v,n,s,c
e,s,n,s,w
p,v,p,s,c
e,s,n,s,w
p,v,p,s,c
e,v,n,s,c
e,s,n,f,w
e,s,a,s,c
e,s,n,f,w
e,a,n,s,w
e,s,n,f,w
e,s,n,f,w
e,a,n,s,w
e,s,n,f,w
e,a,n,f,w
e,v,n,s,c
e,a,n,f,w
e,s,n,f,w
e,s,l,s,c
e,y,n,s,c
e,a,n,f,w
e,s,n,s,w
e,a,n,f,w
e,s,n,s,w
e,a,n,s,w
e,a,n,s,w
e,s,n,s,w
e,y,n,s,c
e,s,n,f,w
e,a,n,f,w
e,a,n,f,w
e,y,n,s,c
p,s,p,s,c
p,v,p,s,c
e,v,n,s,c
e,a,n,f,w
e,a,n,s,w
e,s,n,s,w
e,s,n,f,w
e,s,n,s,w
e,a,n,f,w
e,s,n,s,w
e,a,n,s,w
e,v,n,s,c
p,v,p,s,c
e,s,n,f,w
e,v,n,s,c
p,s,p,s,c
p,v,p,s,c
p,s,p,s,c
e,a,n,s,w
e,s,n,f,w
e,a,n,f,w
e,a,n,s,w
e,a,n,s,w
p,v,p,s,c
p,v,p,s,c
e,a,n,f,w
e,a,n,f,w
e,s,n,f,w
e,v,n,s,c
e,v,n,s,c
e,a,n,f,w
e,s,n,f,w
e,a,n,f,w
e,n,l,s,c
e,a,n,f,w
e,s,n,s,w
e,s,n,s,w
e,a,n,f,w
e,s,n,s,w
e,s,n,f,w
e,s,n,f,w
e,s,n,s,w
e,s,n,s,w
e,a,n,f,w
e,s,n,s,w
e,s,n,s,w
e,a,n,s,w
e,s,n,f,w
e,a,n,s,w
e,n,a,s,c
e,n,l,s,c
e,a,n,s,w
p,s,p,s,c
e,s,n,s,w
p,s,p,s,c
e,v,n,s,c
p,v,p,s,c
e,s,l,s,c
e,n,l,s,c
e,y,l,s,c
e,s,n,s,w
e,s,n,f,w
e,a,n,s,w
e,a,n,f,w
e,s,n,f,w
e,a,n,s,w
e,s,n,f,w
e,n,l,s,c
e,s,n,s,w
e,s,l,s,c
p,v,p,s,c
e,s,n,f,w
e,s,n,f,w
e,s,n,s,w
e,s,n,f,w
e,y,n,s,c
e,y,n,s,c
e,y,a,s,c
e,y,n,s,c
e,a,n,f,w
e,s,n,f,w
e,a,n,s,w
e,a,n,f,w
e,s,n,f,w
e,a,n,f,w
e,a,n,s,w
e,a,n,s,w
e,y,n,s,c
e,s,n,s,w
e,s,n,f,w
p,s,p,s,c
e,y,n,s,c
e,s,n,f,w
e,s,n,s,w
p,v,p,s,c
e,s,n,s,w
e,v,n,s,c
e,a,n,f,w
e,s,n,f,w
e,v,n,s,c
e,a,n,s,w
e,a,n,s,w
e,y,n,s,c
e,n,l,s,c
e,n,l,s,c
e,s,n,f,w
e,a,n,s,w
e,s,n,f,w
e,a,n,f,w
e,a,n,s,w
e,s,n,s,w
e,n,a,s,c
p,v,p,s,c
e,a,n,s,w
e,s,n,f,w
e,s,a,s,c
e,a,n,f,w
e,a,n,f,w
p,v,p,s,c
e,a,n,f,w
e,s,n,f,w
p,v,p,s,c
e,a,n,s,w
e,a,n,f,w
e,v,n,s,c
e,s,n,f,w
p,v,p,s,c
e,a,n,s,w
e,s,n,s,w
e,s,n,f,w
e,a,n,f,w
e,y,l,s,c
p,s,p,s,c
e,a,n,s,w
e,y,n,s,c
p,s,p,s,c
e,s,n,s,w
e,s,n,f,w
e,y,a,s,c
e,s,n,f,w
e,a,n,f,w
p,s,p,s,c
e,s,n,f,w
e,s,n,s,w
e,s,n,s,w
e,v,n,s,c
e,s,n,f,w
e,a,n,f,w
e,s,n,f,w
e,s,n,s,w
e,y,n,s,c
e,s,n,f,w
p,s,p,s,c
e,a,n,s,w
e,s,n,s,w
e,v,n,s,c
e,y,a,s,c
e,a,n,f,w
e,a,n,f,w
e,a,n,s,w
e,s,a,s,c
e,y,n,s,c
e,a,n,s,w
e,a,n,f,w
p,s,p,s,c
p,v,p,s,c
e,a,n,s,w
e,v,n,s,c
e,s,n,f,w
e,a,n,f,w
p,s,p,s,c
e,s,a,s,c
e,a,n,f,w
p,s,p,s,c
e,a,n,f,w
e,s,n,s,w
e,s,n,f,w
p,v,p,s,c
e,a,n,f,w
e,a,n,f,w
e,s,n,s,w
e,a,n,f,w
p,v,p,s,c
e,s,n,s,w
e,a,n,f,w
p,v,p,s,c
e,a,n,s,w
e,v,n,s,c
e,a,n,s,w
e,v,n,s,c
e,v,n,s,c
e,y,n,s,c
e,v,n,s,c
e,s,n,f,w
e,y,n,s,c
e,y,n,s,c
e,s,n,f,w
p,s,p,s,c
e,v,n,s,c
p,v,p,s,c
e,s,a,s,c
e,a,n,s,w
e,s,a,s,c
p,y,f,k,c
e,a,n,f,w
e,s,n,f,w
e,v,n,s,c
e,s,n,s,w
e,s,n,s,w
p,v,p,s,c
e,y,n,s,c
e,n,l,s,c
e,s,n,f,w
e,v,n,s,c
e,s,n,s,w
e,a,n,f,w
e,v,n,s,c
e,y,n,s,c
e,v,n,s,c
e,a,n,f,w
e,v,n,s,c
e,v,n,s,c
e,v,n,s,c
e,y,n,s,c
e,s,n,f,w
e,y,n,s,c
e,s,n,s,w
e,a,n,f,w
e,a,n,s,w
e,v,n,s,c
p,s,p,s,c
e,v,n,s,c
e,s,n,s,w
e,a,n,f,w
e,v,n,s,c
e,v,n,s,c
e,v,n,s,c
e,v,n,s,c
e,a,n,f,w
e,v,n,s,c
e,v,n,s,c
e,y,n,s,c
e,y,n,s,c
e,v,a,s,w
e,v,n,s,c
p,v,p,s,c
e,s,n,f,w
e,y,n,s,c
e,v,n,s,c
e,a,n,f,w
e,y,n,s,c
e,s,n,s,w
e,y,n,s,c
e,v,n,s,c
e,a,n,f,w
e,a,n,s,w
e,s,n,s,w
e,s,n,s,w
e,y,n,s,c
e,a,n,s,w
e,a,n,s,w
e,v,n,s,c
e,y,n,s,c
e,v,n,s,c
e,y,n,s,c
e,s,n,s,w
e,a,n,s,w
e,a,n,s,w
e,a,n,s,w
e,v,n,s,c
e,y,n,s,c
e,v,n,s,c
e,v,l,s,w
e,a,n,f,w
p,s,p,s,c
e,v,n,s,c
e,v,n,s,c
e,a,n,f,w
e,a,n,f,w
e,a,n,s,w
e,a,n,s,w
e,a,n,s,w
e,v,n,s,c
e,y,n,s,c
e,s,n,f,w
e,a,n,f,w
e,s,n,f,w
e,y,n,s,c
e,a,n,f,w
e,a,n,s,w
e,s,n,f,w
e,s,n,s,w
e,a,n,s,w
e,a,n,f,w
e,v,n,s,c
e,a,n,s,w
e,s,n,f,w
e,v,n,s,c
e,v,n,s,c
e,v,n,s,c
e,s,n,s,w
e,a,n,f,w
e,y,l,s,c
p,v,p,s,c
e,a,n,f,w
e,s,n,s,w
e,v,n,s,c
e,y,n,s,c
e,a,n,s,w
e,s,n,f,w
e,s,n,f,w
e,v,n,s,c
e,v,n,s,c
e,s,n,s,w
e,a,n,s,w
e,s,n,s,w
e,s,n,s,w
p,s,p,s,c
e,s,a,s,c
e,v,n,s,c
e,a,n,f,w
e,s,n,f,w
e,s,n,s,w
e,v,l,s,w
e,a,n,s,w
e,a,n,f,w
e,s,n,f,w
e,v,n,s,c
e,v,n,s,c
e,v,n,s,c
e,s,n,s,w
e,s,n,f,w
p,v,p,s,c
e,s,n,f,w
e,y,n,s,c
e,v,n,s,c
e,a,n,s,w
e,v,n,s,c
e,v,n,s,c
e,y,n,s,c
e,v,n,s,c
e,v,n,s,c
p,v,p,s,c
e,s,n,s,w
e,v,n,s,c
e,y,n,s,c
p,s,p,s,c
e,y,n,s,c
e,s,n,s,w
e,v,n,s,c
e,s,n,f,w
e,a,n,f,w
e,s,n,s,w
e,v,n,s,c
e,s,n,f,w
e,v,n,s,c
e,s,n,s,w
e,a,n,f,w
e,s,n,s,w
p,v,p,s,c
e,y,n,s,c
e,s,n,f,w
p,s,p,s,c
e,v,n,s,c
e,y,n,s,c
e,a,n,f,w
e,v,n,s,c
e,s,n,s,w
e,s,n,f,w
e,n,l,s,c
e,s,n,f,w
e,v,n,s,c
e,y,n,s,c
e,a,n,f,w
p,s,p,s,c
e,v,n,s,c
p,s,p,s,c
p,v,p,s,c
e,v,n,s,c
e,a,n,s,w
e,y,n,s,c
e,a,n,s,w
e,y,n,s,c
e,s,n,f,w
e,a,n,s,w
e,a,n,f,w
e,s,n,s,w
e,v,n,s,c
e,v,n,s,c
e,a,n,f,w
e,y,n,s,c
p,v,p,s,c
e,s,l,s,c
p,s,p,s,c
e,s,n,f,w
e,a,n,f,w
p,v,p,s,c
e,a,n,f,w
e,s,n,s,w
e,v,n,s,c
e,a,n,s,w
e,s,n,s,w
e,a,n,f,w
e,s,n,f,w
e,v,a,s,w
e,v,a,s,w
e,a,n,s,w
e,y,n,s,c
e,y,n,s,c
e,y,n,s,c
e,s,n,s,w
e,y,n,s,c
e,v,n,s,c
e,a,n,f,w
e,v,n,s,c
e,a,n,f,w
e,s,l,s,c
e,v,n,s,c
e,s,n,s,w
e,y,n,s,c
e,y,n,s,c
e,v,n,s,c
e,a,n,s,w
e,s,n,f,w
e,a,n,f,w
e,a,n,s,w
e,y,n,s,c
e,y,n,s,c
e,y,n,s,c
e,s,n,f,w
e,s,n,s,w
e,s,n,s,w
e,s,a,s,c
e,v,n,s,c
e,s,n,f,w
e,v,n,s,c
e,y,n,s,c
e,a,n,f,w
e,s,a,s,c
e,s,n,s,w
e,a,n,s,w
e,v,n,s,c
e,s,n,f,w
e,v,n,s,c
e,y,n,s,c
e,a,n,s,w
e,n,a,s,c
e,s,n,f,w
p,v,p,s,c
e,s,n,f,w
e,v,n,s,c
e,s,n,s,w
e,v,n,s,c
e,v,n,s,c
p,v,p,s,c
e,a,n,s,w
e,y,n,s,c
e,y,n,s,c
e,v,n,s,c
e,y,n,s,c
e,y,n,s,c
p,v,p,s,c
e,n,l,s,c
e,v,n,s,c
e,y,n,s,c
e,s,n,f,w
e,y,n,s,c
e,s,n,f,w
e,s,n,f,w
e,v,n,s,c
e,v,n,s,c
e,s,n,s,w
e,s,n,s,w
e,s,n,f,w
e,y,n,s,c
e,y,n,s,c
p,s,p,s,c
e,v,n,s,c
e,a,n,s,w
e,s,a,s,c
e,s,n,f,w
e,s,n,f,w
e,y,n,s,c
e,v,n,s,c
e,s,n,f,w
p,s,p,s,c
e,a,n,s,w
e,y,n,s,c
e,v,n,s,c
e,v,n,s,c
e,y,n,s,c
e,y,n,s,c
e,y,n,s,c
e,v,n,s,c
e,y,n,s,c
e,v,n,s,c
e,v,n,s,c
e,v,n,s,c
e,v,n,s,c
p,v,p,s,c
e,v,n,s,c
e,v,n,s,c
e,y,n,s,c
e,y,n,s,c
e,v,n,s,c
e,v,n,s,c
e,v,n,s,c
e,y,n,s,c
e,y,n,s,c
e,v,n,s,c
e,v,n,s,c
e,v,n,s,c
e,v,n,s,c
e,y,n,s,c
e,v,n,s,c
p,y,f,k,c
p,s,p,s,c
e,v,n,s,c
e,s,n,s,w
e,v,n,s,c
e,y,n,s,c
e,v,n,s,c
e,y,n,s,c
e,v,n,s,c
e,v,n,s,c
e,y,n,s,c
e,y,n,s,c
e,v,n,s,c
e,v,n,s,c
e,y,n,s,c
e,y,n,s,c
e,v,n,s,c
e,v,n,s,c
e,v,n,s,c
p,v,p,s,c
e,y,n,s,c
p,s,p,s,c
e,y,n,s,c
e,y,n,s,c
e,v,n,s,c
e,v,n,s,c
e,y,n,s,c
e,v,n,s,c
e,y,n,s,c
e,v,n,s,c
e,y,n,s,c
e,v,n,s,c
e,y,n,s,c
e,y,n,s,c
e,v,n,s,c
e,y,n,s,c
e,y,n,s,c
e,y,n,s,c
e,y,n,s,c
e,y,n,s,c
e,y,n,s,c
e,v,n,s,c
e,v,n,s,c
e,v,n,s,c
e,v,n,s,c
e,v,n,s,c
e,y,n,s,c
e,v,n,s,c
e,y,n,s,c
e,v,n,s,c
p,y,f,k,c
e,y,n,s,c
e,y,n,s,c
e,v,n,s,c
e,y,n,s,c
e,v,n,s,c
e,v,n,s,c
e,y,n,s,c
e,y,n,s,c
e,y,n,s,c
e,v,n,s,c
e,v,n,s,c
e,v,n,s,c
e,y,n,s,c
e,s,n,s,w
e,y,n,s,c
e,y,n,s,c
e,v,n,s,c
e,v,n,s,c
e,y,n,s,c
e,v,n,s,c
e,y,n,s,c
e,a,n,s,w
e,y,n,s,c
e,v,n,s,c
e,y,n,s,c
e,y,n,s,c
e,v,n,s,c
e,v,n,s,c
e,y,n,s,c
e,y,n,s,c
e,v,n,s,c
p,s,c,s,w
e,y,n,s,c
e,v,n,s,c
e,y,n,s,c
e,v,n,s,c
e,v,n,s,c
e,y,n,s,c
e,v,n,s,c
e,v,n,s,c
e,v,n,s,c
e,v,n,s,c
e,v,n,s,c
e,v,n,s,c
e,v,n,s,c
e,y,n,s,c
e,v,n,s,c
e,y,n,s,c
e,s,n,f,w
e,y,n,s,c
e,v,n,s,c
e,v,n,s,c
e,v,n,s,c
e,y,n,s,c
e,v,n,s,c
e,v,n,s,c
e,y,n,s,c
e,y,n,s,c
e,s,n,s,w
p,y,f,k,c
e,y,n,s,c
e,y,n,s,c
p,v,p,s,c
e,y,n,s,c
e,y,n,s,c
e,v,n,s,c
e,v,n,s,c
e,v,n,s,c
e,a,n,f,w
e,y,n,s,c
e,y,n,s,c
e,y,n,s,c
e,y,n,s,c
e,s,n,f,w
e,v,n,s,c
e,v,n,s,c
e,y,n,s,c
e,y,n,s,c
e,v,n,s,c
e,v,n,s,c
e,v,n,s,c
e,a,n,f,w
e,y,n,s,c
e,y,n,s,c
e,y,n,s,c
e,y,n,s,c
e,y,n,s,c
e,a,n,s,w
e,v,n,s,c
e,y,n,s,c
e,v,n,s,c
e,v,n,s,c
e,s,n,s,w
e,v,n,s,c
e,y,n,s,c
e,v,n,s,c
e,y,n,s,c
e,y,n,s,c
e,y,n,s,c
e,v,n,s,c
e,v,n,s,c
e,y,n,s,c
e,y,n,s,c
e,v,n,s,c
e,y,n,s,c
e,y,n,s,c
p,v,c,s,w
e,y,n,s,c
e,y,n,s,c
p,s,p,s,c
e,y,n,s,c
e,y,n,s,c
e,v,n,s,c
e,v,n,s,c
e,v,n,s,c
e,y,n,s,c
e,s,n,s,w
e,v,n,s,c
e,s,n,s,w
e,y,n,s,c
e,v,n,s,c
e,v,n,s,c
e,v,n,s,c
e,v,n,s,c
e,y,n,s,c
e,v,n,s,c
e,y,n,s,c
e,v,n,s,c
e,v,n,s,c
e,y,n,s,c
e,v,n,s,c
e,y,n,s,c
e,v,n,s,c
e,y,n,s,c
e,v,n,s,c
e,y,n,s,c
e,v,n,s,c
e,v,n,s,c
e,y,n,s,c
e,y,n,s,c
e,v,n,s,c
e,y,n,s,c
e,v,n,s,c
e,y,n,s,c
e,y,n,s,c
e,y,n,s,c
e,v,n,s,c
e,y,n,s,c
e,v,n,s,c
e,v,n,s,c
e,y,n,s,c
e,v,n,s,c
e,v,n,s,c
e,y,n,s,c
e,y,n,s,c
e,y,n,s,c
e,v,n,s,c
e,v,n,s,c
e,v,n,s,c
e,y,n,s,c
e,y,n,s,c
e,v,n,s,c
e,y,n,s,c
e,v,n,s,c
e,v,n,s,c
e,y,n,s,c
e,v,n,s,c
e,s,n,s,w
e,y,n,s,c
e,s,n,f,w
e,y,n,s,c
e,y,n,s,c
p,s,p,s,c
e,v,n,s,c
e,y,n,s,c
e,y,n,s,c
e,v,n,s,c
e,v,n,s,c
e,y,n,s,c
e,y,n,s,c
e,v,n,s,c
e,y,n,s,c
e,y,n,s,c
e,y,n,s,c
e,y,n,s,c
e,v,n,s,c
e,y,n,s,c
e,v,n,s,c
e,a,n,s,w
e,v,n,s,c
e,y,n,s,c
e,y,n,s,c
e,y,n,s,c
e,y,n,s,c
e,v,n,s,c
e,y,n,s,c
p,v,p,s,c
e,v,n,s,c
e,s,n,s,w
e,s,n,s,w
e,v,n,s,c
e,y,n,s,c
e,v,n,s,c
e,v,n,s,c
e,y,n,s,c
e,v,n,s,c
p,y,f,k,c
e,y,n,s,c
e,a,n,s,w
p,v,p,s,c
e,y,n,s,c
e,v,n,s,c
e,y,n,s,c
e,v,n,s,c
e,v,n,s,c
e,v,n,s,c
e,y,n,s,c
e,v,n,s,c
e,y,n,s,c
e,y,n,s,c
e,y,n,s,c
p,v,p,s,c
e,v,n,s,c
e,v,n,s,c
e,v,n,s,c
e,v,n,s,c
e,v,n,s,c
e,y,n,s,c
e,y,n,s,c
e,y,n,s,c
e,y,n,s,c
e,v,n,s,c
e,v,n,s,c
e,v,n,s,c
e,v,n,s,c
e,v,n,s,c
e,y,n,s,c
e,v,n,s,c
e,y,n,s,c
e,y,n,s,c
e,v,n,s,c
e,y,n,s,c
e,v,n,s,c
e,y,n,s,c
e,y,n,s,c
e,y,n,s,c
e,v,n,s,c
p,v,c,s,c
e,y,n,s,c
e,y,n,s,c
e,y,n,s,c
e,v,n,s,c
e,y,n,s,c
e,y,n,s,c
e,y,n,s,c
e,v,n,s,c
e,y,n,s,c
e,y,n,s,c
e,v,n,s,c
e,y,n,s,c
e,v,n,s,c
e,y,n,s,c
e,y,n,s,c
e,y,n,s,c
p,y,f,k,c
e,v,n,s,c
e,y,n,s,c
e,v,n,s,c
e,y,n,s,c
e,v,n,s,c
e,y,n,s,c
e,y,n,s,c
e,y,n,s,c
e,a,n,s,w
e,y,n,s,c
e,y,n,s,c
e,v,n,s,c
e,y,n,s,c
e,v,n,s,c
e,y,n,s,c
e,v,n,s,c
e,v,n,s,c
e,y,n,s,c
e,y,n,s,c
e,v,n,s,c
e,y,n,s,c
e,v,n,s,c
e,v,n,s,c
e,v,n,s,c
e,y,n,s,c
e,v,n,s,c
e,v,n,s,c
e,v,n,s,c
e,v,n,s,c
e,v,n,s,c
e,y,n,s,c
e,v,n,s,c
e,v,n,s,c
e,y,n,s,c
p,s,p,s,c
e,s,n,f,w
e,v,n,s,c
e,y,n,s,c
p,s,c,s,w
e,y,n,s,c
e,v,n,s,c
e,y,n,s,c
e,v,n,s,c
e,s,n,s,w
e,v,n,s,c
e,v,n,s,c
e,v,n,s,c
e,y,n,s,c
e,v,n,s,c
e,v,n,s,c
e,y,n,s,c
p,v,p,s,c
e,y,n,s,c
e,y,n,s,c
e,v,n,s,c
e,v,n,s,c
e,s,n,f,w
e,a,n,f,w
e,v,n,s,c
e,v,n,s,c
e,y,n,s,c
e,y,n,s,c
e,y,n,s,c
e,y,n,s,c
e,v,n,s,c
e,v,n,s,c
e,y,n,s,c
e,v,n,s,c
p,s,c,s,w
e,y,n,s,c
e,y,n,s,c
e,v,n,s,c
e,v,n,s,c
e,y,n,s,c
e,s,n,f,w
e,y,n,s,c
e,v,n,s,c
e,v,n,s,c
e,v,n,s,c
e,y,n,s,c
e,y,n,s,c
e,v,n,s,c
e,y,n,s,c
e,y,n,s,c
e,v,n,s,c
e,y,n,s,c
e,v,n,s,c
e,y,n,s,c
e,y,n,s,c
p,y,f,k,c
e,v,n,s,c
e,v,n,s,c
p,v,f,k,c
e,v,n,s,c
e,v,n,s,c
p,y,f,k,c
p,s,c,s,w
e,v,n,s,c
e,y,n,s,c
e,v,n,s,c
e,y,n,s,c
e,v,n,s,c
e,y,n,s,c
e,y,n,s,c
e,v,n,s,c
e,y,n,s,c
e,v,n,s,c
e,y,n,s,c
e,v,n,s,c
e,y,n,s,c
e,y,n,s,c
e,v,n,s,c
e,v,n,s,c
e,v,n,s,c
e,v,n,s,c
e,y,n,s,c
p,v,c,s,c
e,y,n,s,c
e,v,n,s,c
e,y,n,s,c
e,v,n,s,c
e,y,n,s,c
p,y,f,k,c
e,y,n,s,c
e,v,n,s,c
e,v,n,s,c
e,v,n,s,c
p,v,f,k,c
e,y,n,s,c
e,v,n,s,c
e,v,n,s,c
e,y,n,s,c
e,y,n,s,c
e,y,n,s,c
e,y,n,s,c
e,y,n,s,c
e,v,n,s,c
e,v,n,s,c
e,v,n,s,c
e,v,n,s,c
e,v,n,s,c
e,v,n,s,c
e,y,n,s,c
e,v,n,s,c
e,v,n,s,c
e,v,n,s,c
e,y,n,s,c
e,v,n,s,c
e,y,n,s,c
e,v,n,s,c
p,v,f,k,c
e,y,n,s,c
e,y,n,s,c
e,y,n,s,c
e,y,n,s,c
e,v,n,s,c
e,y,n,s,c
e,y,n,s,c
e,v,n,s,c
e,y,n,s,c
e,v,n,s,c
p,v,f,k,c
e,v,n,s,c
e,v,n,s,c
e,y,n,s,c
e,v,n,s,c
e,y,n,s,c
e,v,n,s,c
e,y,n,s,c
e,y,n,s,c
e,v,n,s,c
e,y,n,s,c
e,y,n,s,c
e,y,n,s,c
e,y,n,s,c
e,y,n,s,c
e,v,n,s,c
e,v,n,s,c
e,y,n,s,c
e,y,n,s,c
e,v,n,s,c
e,v,n,s,c
e,v,n,s,c
p,v,c,s,c
e,v,n,s,c
e,y,n,s,c
e,a,n,s,w
e,v,n,s,c
e,y,n,s,c
e,v,n,s,c
e,v,n,s,c
e,v,n,s,c
e,y,n,s,c
e,v,n,s,c
e,v,n,s,c
e,v,n,s,c
e,y,n,s,c
e,v,n,s,c
e,v,n,s,c
e,v,n,s,c
e,y,n,s,c
e,y,n,s,c
e,y,n,s,c
e,s,n,s,w
e,v,n,s,c
e,y,n,s,c
e,y,n,s,c
e,v,n,s,c
e,y,n,s,c
e,y,n,s,c
e,v,n,s,c
e,v,n,s,c
e,y,n,s,c
e,v,n,s,c
e,v,n,s,c
e,y,n,s,c
e,v,n,s,c
e,v,n,s,c
e,y,n,s,c
e,v,n,s,c
e,v,n,s,c
e,y,n,s,c
e,v,n,s,c
e,y,n,s,c
e,y,n,s,c
e,y,n,s,c
e,v,n,s,c
e,y,n,s,c
e,v,n,s,c
e,y,n,s,c
e,v,n,s,c
e,v,n,s,c
e,v,n,s,c
e,v,n,s,c
e,y,n,s,c
e,y,n,s,c
e,v,n,s,c
e,y,n,s,c
e,v,n,s,c
p,v,c,s,c
e,y,n,s,c
e,v,n,s,c
e,y,n,s,c
e,v,n,s,c
e,y,n,s,c
e,v,n,s,c
e,a,n,s,w
e,y,n,s,c
e,v,n,s,c
e,v,n,s,c
e,v,n,s,c
e,y,n,s,c
e,y,n,s,c
p,y,f,k,c
e,v,n,s,c
e,v,n,s,c
e,v,n,s,c
e,y,n,s,c
e,v,n,s,c
e,y,n,s,c
e,v,n,s,c
e,v,n,s,c
e,y,n,s,c
e,v,n,s,c
e,y,n,s,c
e,v,n,s,c
e,v,n,s,c
e,y,n,s,c
e,y,n,s,c
e,y,n,s,c
e,v,n,s,c
e,y,n,s,c
e,y,n,s,c
e,v,n,s,c
e,y,n,s,c
e,v,n,s,c
e,v,n,s,c
e,y,n,s,c
e,y,n,s,c
e,v,n,s,c
e,v,n,s,c
e,y,n,s,c
e,y,n,s,c
e,y,n,s,c
e,v,n,s,c
e,y,n,s,c
e,s,n,f,w
e,y,n,s,c
e,y,n,s,c
e,y,n,s,c
e,y,n,s,c
e,v,n,s,c
e,y,n,s,c
e,y,n,s,c
e,y,n,s,c
e,y,n,s,c
e,y,n,s,c
e,y,n,s,c
e,y,n,s,c
e,v,n,s,c
e,v,n,s,c
e,y,n,s,c
e,v,n,s,c
e,y,n,s,c
e,y,n,s,c
p,v,c,s,c
e,y,n,s,c
e,y,n,s,c
e,y,n,s,c
e,v,n,s,c
e,v,n,s,c
e,v,n,s,c
e,y,n,s,c
e,v,n,s,c
e,y,n,s,c
e,y,n,s,c
e,y,n,s,c
e,y,n,s,c
e,y,n,s,c
e,v,n,s,c
e,v,n,s,c
e,v,n,s,c
p,v,f,k,c
e,v,n,s,c
e,y,n,s,c
e,y,n,s,c
p,y,f,k,c
e,v,n,s,c
e,v,n,s,c
e,v,n,s,c
e,v,n,s,c
e,y,n,s,c
e,v,n,s,c
e,v,n,s,c
e,v,n,s,c
e,v,n,s,c
e,y,n,s,c
e,v,n,s,c
e,y,n,s,c
e,y,n,s,c
e,v,n,s,c
e,y,n,s,c
e,y,n,s,c
e,y,n,s,c
e,s,n,f,w
e,y,n,s,c
e,y,n,s,c
e,y,n,s,c
e,v,n,s,c
e,y,n,s,c
e,v,n,s,c
e,v,n,s,c
e,v,n,s,c
p,s,c,s,w
e,y,n,s,c
e,v,n,s,c
e,y,n,s,c
e,s,n,s,w
e,y,n,s,c
e,v,n,s,c
e,y,n,s,c
e,y,n,s,c
e,y,n,s,c
e,v,n,s,c
e,v,n,s,c
e,v,n,s,c
e,v,n,s,c
e,v,n,s,c
e,v,n,s,c
e,y,n,s,c
e,v,n,s,c
e,v,n,s,c
e,y,n,s,c
e,s,n,f,w
e,y,n,s,c
e,y,n,s,c
e,v,n,s,c
e,y,n,s,c
e,y,n,s,c
e,v,n,s,c
e,y,n,s,c
e,v,n,s,c
e,v,n,s,c
e,v,n,s,c
e,y,n,s,c
e,y,n,s,c
e,v,n,s,c
e,y,n,s,c
e,v,n,s,c
e,y,n,s,c
e,v,n,s,c
e,y,n,s,c
e,v,n,s,c
e,y,n,s,c
e,y,n,s,c
e,y,n,s,c
e,v,n,s,c
p,v,c,s,w
e,y,n,s,c
e,v,n,s,c
e,s,n,f,w
e,y,n,s,c
e,y,n,s,c
e,y,n,s,c
e,y,n,s,c
e,v,n,s,c
e,y,n,s,c
e,y,n,s,c
e,v,n,s,c
e,v,n,s,c
e,y,n,s,c
e,v,n,s,c
e,y,n,s,c
e,v,n,s,c
e,y,n,s,c
e,y,n,s,c
p,s,c,s,w
e,v,n,s,c
e,v,n,s,c
e,y,n,s,c
e,v,n,s,c
e,y,n,s,c
e,y,n,s,c
e,y,n,s,c
e,y,n,s,c
e,v,n,s,c
e,v,n,s,c
e,v,n,s,c
e,y,n,s,c
e,y,n,s,c
e,y,n,s,c
e,y,n,s,c
e,y,n,s,c
e,y,n,s,c
e,y,n,s,c
e,y,n,s,c
e,v,n,s,c
e,s,n,s,w
e,v,n,s,c
e,y,n,s,c
e,v,n,s,c
e,y,n,s,c
e,v,n,s,c
p,v,c,s,c
e,v,n,s,c
e,v,n,s,c
e,a,n,s,w
e,y,n,s,c
p,v,c,s,w
e,v,n,s,c
e,v,n,s,c
e,v,n,s,c
e,v,n,s,c
e,v,n,s,c
e,y,n,s,c
e,v,n,s,c
e,y,n,s,c
e,y,n,s,c
e,v,n,s,c
p,y,f,k,c
e,y,n,s,c
e,v,n,s,c
e,y,n,s,c
e,y,n,s,c
e,y,n,s,c
e,y,n,s,c
e,y,n,s,c
e,y,n,s,c
e,v,n,s,c
e,v,n,s,c
e,y,n,s,c
e,v,n,s,c
e,y,n,s,c
e,y,n,s,c
e,y,n,s,c
e,v,n,s,c
e,y,n,s,c
e,v,n,s,c
e,y,n,s,c
e,y,n,s,c
e,y,n,s,c
e,y,n,s,c
p,y,f,k,c
e,v,n,s,c
e,y,n,s,c
e,v,n,s,c
e,v,n,s,c
e,y,n,s,c
e,y,n,s,c
e,v,n,s,c
e,v,n,s,c
e,v,n,s,c
e,v,n,s,c
p,v,f,k,c
e,y,n,s,c
e,y,n,s,c
e,v,n,s,c
e,v,n,s,c
e,y,n,s,c
e,v,n,s,c
e,v,n,s,c
e,y,n,s,c
e,y,n,s,c
e,v,n,s,c
e,v,n,s,c
e,v,n,s,c
e,y,n,s,c
e,v,n,s,c
e,y,n,s,c
e,y,n,s,c
e,y,n,s,c
e,v,n,s,c
e,y,n,s,c
e,y,n,s,c
e,y,n,s,c
e,v,n,s,c
e,v,n,s,c
e,y,n,s,c
e,y,n,s,c
e,y,n,s,c
e,y,n,s,c
e,v,n,s,c
e,s,n,f,w
e,v,n,s,c
e,y,n,s,c
e,y,n,s,c
e,y,n,s,c
e,v,n,s,c
e,v,n,s,c
e,y,n,s,c
e,y,n,s,c
e,y,n,s,c
e,v,n,s,c
e,y,n,s,c
e,y,n,s,c
e,v,n,s,c
e,v,n,s,c
e,v,n,s,c
e,v,n,s,c
e,v,n,s,c
e,y,n,s,c
e,y,n,s,c
e,y,n,s,c
e,v,n,s,c
e,y,n,s,c
e,v,n,s,c
p,v,f,k,c
e,v,n,s,c
e,y,n,s,c
e,y,n,s,c
e,v,n,s,c
e,v,n,s,c
e,y,n,s,c
e,y,n,s,c
e,v,n,s,c
e,v,n,s,c
e,v,n,s,c
p,v,f,k,c
e,y,n,s,c
p,y,f,k,c
p,s,c,s,w
e,y,n,s,c
e,v,n,s,c
e,y,n,s,c
e,y,n,s,c
p,y,f,k,c
e,v,n,s,c
e,y,n,s,c
e,y,n,s,c
p,s,c,s,c
e,y,n,s,c
e,v,n,s,c
p,v,f,k,c
p,y,f,k,c
e,v,n,s,c
e,v,n,s,c
e,v,n,s,c
e,v,n,s,c
e,y,n,s,c
e,v,n,s,c
e,y,n,s,c
e,v,n,s,c
p,s,c,s,w
p,y,f,k,c
e,y,n,s,c
e,v,n,s,c
e,v,n,s,c
e,y,n,s,c
e,y,n,s,c
e,v,n,s,c
p,v,f,k,c
e,y,n,s,c
e,v,n,s,c
p,s,c,s,c
e,y,n,s,c
e,v,n,s,c
p,v,f,k,c
p,v,f,k,c
e,v,n,s,c
e,v,n,s,c
e,v,n,s,c
e,v,n,s,c
e,v,n,s,c
p,v,c,s,w
e,y,n,s,c
e,v,n,s,c
e,y,n,s,c
e,v,n,s,c
p,v,c,s,c
e,v,n,s,c
e,y,n,s,c
e,v,n,s,c
e,v,n,s,c
p,s,c,s,c
p,s,c,s,c
e,y,n,s,c
p,y,f,k,c
p,v,c,s,w
p,v,f,k,c
e,v,n,s,c
p,y,f,k,c
e,v,n,s,c
e,y,n,s,c
e,y,n,s,c
p,s,c,s,c
p,v,f,k,c
e,v,n,s,c
e,y,n,s,c
e,y,n,s,c
p,v,f,k,c
e,y,n,s,c
p,y,f,k,c
e,y,n,s,c
e,v,n,s,c
p,v,f,k,c
e,v,n,s,c
e,y,n,s,c
e,y,n,s,c
p,v,f,k,c
e,v,n,s,c
e,v,n,s,c
p,v,f,k,c
e,y,n,s,c
p,y,f,k,c
e,y,n,s,c
p,y,f,k,c
p,y,f,k,c
p,y,f,k,c
e,y,n,s,c
p,v,f,k,c
e,v,n,s,c
p,v,c,s,w
e,v,n,s,c
p,s,c,s,c
e,y,n,s,c
e,y,n,s,c
e,y,n,s,c
e,y,n,s,c
p,y,f,k,c
p,y,f,k,c
p,s,c,s,w
e,v,n,s,c
e,y,n,s,c
e,v,n,s,c
e,y,n,s,c
p,v,f,k,c
p,v,c,s,c
e,y,n,s,c
e,v,n,s,c
e,v,n,s,c
e,v,n,s,c
e,y,n,s,c
e,y,n,s,c
e,v,n,s,c
p,v,c,s,c
p,v,c,s,c
e,y,n,s,c
e,y,n,s,c
p,y,f,k,c
e,v,n,s,c
p,s,c,s,w
e,y,n,s,c
e,y,n,s,c
e,v,n,s,c
e,v,n,s,c
e,y,n,s,c
e,v,n,s,c
e,y,n,s,c
e,y,n,s,c
e,v,n,s,c
e,y,n,s,c
e,y,n,s,c
e,v,n,s,c
e,v,n,s,c
p,v,f,k,c
e,y,n,s,c
e,v,n,s,c
p,y,f,k,c
e,y,n,s,c
e,y,n,s,c
e,y,n,s,c
e,y,n,s,c
e,v,n,s,c
p,s,c,s,c
p,s,c,s,w
e,v,n,s,c
e,y,n,s,c
e,y,n,s,c
p,y,f,k,c
e,v,n,s,c
e,y,n,s,c
e,y,n,s,c
p,s,c,s,w
e,v,n,s,c
e,v,n,s,c
p,y,f,k,c
e,y,n,s,c
p,v,f,k,c
p,s,c,s,w
e,v,n,s,c
p,v,f,k,c
p,s,c,s,c
p,v,f,k,c
e,v,n,s,c
p,v,f,k,c
p,s,c,s,w
e,y,n,s,c
e,v,n,s,c
e,y,n,s,c
p,v,f,k,c
p,v,c,s,w
e,v,n,s,c
e,y,n,s,c
e,y,n,s,c
e,v,n,s,c
p,v,f,k,c
e,v,n,s,c
p,v,c,s,c
p,s,c,s,c
e,y,n,s,c
e,y,n,s,c
e,v,n,s,c
e,v,n,s,c
p,v,f,k,c
p,y,f,k,c
e,y,n,s,c
p,v,f,k,c
p,s,c,s,c
e,y,n,s,c
p,v,f,k,c
e,y,n,s,c
e,v,n,s,c
e,y,n,s,c
e,v,n,s,c
e,v,n,s,c
p,v,f,k,c
e,y,n,s,c
p,y,f,k,c
e,y,n,s,c
e,v,n,s,c
e,y,n,s,c
p,y,f,k,c
e,v,n,s,c
e,y,n,s,c
p,v,f,k,c
p,s,c,s,c
e,v,n,s,c
p,v,f,k,c
e,y,n,s,c
e,v,n,s,c
e,v,n,s,c
e,v,n,s,c
e,v,n,s,c
e,v,n,s,c
p,v,c,s,w
e,y,n,s,c
e,y,n,s,c
e,y,n,s,c
e,y,n,s,c
e,y,n,s,c
e,v,n,s,c
e,y,n,s,c
p,y,f,k,c
p,v,c,s,w
e,v,n,s,c
e,v,n,s,c
e,v,n,s,c
p,y,f,k,c
p,s,c,s,w
p,y,f,k,c
e,y,n,s,c
p,v,f,k,c
e,y,n,s,c
e,y,n,s,c
e,v,n,s,c
p,v,f,k,c
e,y,n,s,c
e,v,n,s,c
p,s,c,s,c
p,y,f,k,c
e,y,n,s,c
p,y,f,k,c
p,y,f,k,c
e,v,n,s,c
p,y,f,k,c
e,y,n,s,c
e,y,n,s,c
e,v,n,s,c
e,y,n,s,c
p,s,c,s,w
e,v,n,s,c
e,v,n,s,c
e,v,n,s,c
e,v,n,s,c
p,v,c,s,c
p,y,f,k,c
e,y,n,s,c
e,y,n,s,c
p,v,c,s,w
e,y,n,s,c
p,y,f,k,c
p,y,f,k,c
e,y,n,s,c
e,v,n,s,c
p,v,c,s,c
p,v,f,k,c
p,s,c,s,w
e,v,n,s,c
e,v,n,s,c
e,y,n,s,c
p,y,f,k,c
e,y,n,s,c
p,v,c,s,w
p,v,f,k,c
e,y,n,s,c
e,y,n,s,c
p,v,f,k,c
p,v,f,k,c
p,v,c,s,w
e,v,n,s,c
p,v,f,k,c
e,y,n,s,c
e,v,n,s,c
e,y,n,s,c
e,y,n,s,c
e,y,n,s,c
e,y,n,s,c
e,y,n,s,c
p,s,c,s,w
e,v,n,s,c
e,v,n,s,c
p,s,c,s,w
e,y,n,s,c
e,v,n,s,c
p,v,f,k,c
e,v,n,s,c
p,y,f,k,c
e,y,n,s,c
e,y,n,s,c
e,v,n,s,c
p,v,f,k,c
e,v,n,s,c
p,s,c,s,c
e,y,n,s,c
e,y,n,s,c
e,y,n,s,c
e,v,n,s,c
e,y,n,s,c
e,v,n,s,c
p,y,f,k,c
e,y,n,s,c
e,v,n,s,c
e,y,n,s,c
e,v,n,s,c
e,y,n,s,c
e,y,n,s,c
e,v,n,s,c
e,v,n,s,c
p,s,c,s,c
p,v,f,k,c
e,v,n,s,c
e,v,n,s,c
p,s,c,s,c
p,v,c,s,w
p,y,f,k,c
e,v,n,s,c
e,v,n,s,c
p,s,c,s,w
e,y,n,s,c
e,y,n,s,c
p,v,f,k,c
e,v,n,s,c
e,y,n,s,c
p,v,c,s,w
e,y,n,s,c
p,v,f,k,c
e,y,n,s,c
p,y,f,k,c
e,v,n,s,c
e,y,n,s,c
e,v,n,s,c
e,v,n,s,c
p,v,c,s,w
e,y,n,s,c
e,v,n,s,c
p,y,f,k,c
e,v,n,s,c
p,s,c,s,w
p,v,f,k,c
e,v,n,s,c
e,v,n,s,c
e,v,n,s,c
e,y,n,s,c
p,v,c,s,c
p,v,f,k,c
p,v,c,s,w
e,v,n,s,c
e,v,n,s,c
p,y,f,k,c
p,y,f,k,c
e,y,n,s,c
p,s,c,s,w
p,s,c,s,c
e,v,n,s,c
e,y,n,s,c
e,y,n,s,c
e,v,n,s,c
p,v,c,s,w
p,y,f,k,c
e,v,n,s,c
e,v,n,s,c
e,v,n,s,c
e,y,n,s,c
e,y,n,s,c
e,v,n,s,c
p,v,f,k,c
e,y,n,s,c
p,s,c,s,w
e,y,n,s,c
e,y,n,s,c
e,v,n,s,c
e,v,n,s,c
e,v,n,s,c
e,v,n,s,c
p,v,c,s,w
p,y,f,k,c
p,v,c,s,c
e,y,n,s,c
e,v,n,s,c
p,s,c,s,c
e,y,n,s,c
p,v,c,s,c
e,y,n,s,c
p,s,c,s,w
e,v,n,s,c
p,y,f,k,c
p,s,c,s,c
e,y,n,s,c
p,y,f,k,c
p,v,c,s,c
e,y,n,s,c
p,s,c,s,w
e,v,n,s,c
e,y,n,s,c
e,y,n,s,c
e,v,n,s,c
e,y,n,s,c
p,s,c,s,c
e,v,n,s,c
e,v,n,s,c
e,y,n,s,c
e,y,n,s,c
e,v,n,s,c
p,y,f,k,c
p,s,c,s,c
e,y,n,s,c
e,y,n,s,c
p,v,c,s,w
e,y,n,s,c
e,y,n,s,c
e,v,n,s,c
p,v,f,k,c
p,v,c,s,w
e,y,n,s,c
e,y,n,s,c
e,y,n,s,c
e,v,n,s,c
e,v,n,s,c
p,v,f,k,c
e,y,n,s,c
e,v,n,s,c
p,v,c,s,w
e,v,n,s,c
p,y,f,k,c
e,y,n,s,c
p,v,f,k,c
e,v,n,s,c
p,s,c,s,c
e,v,n,s,c
p,v,c,s,w
p,s,c,s,c
e,v,n,s,c
p,v,c,s,w
p,y,f,k,c
e,v,n,s,c
e,y,n,s,c
e,y,n,s,c
p,y,f,k,c
p,v,c,s,w
p,v,f,k,c
p,s,c,s,w
e,y,n,s,c
e,y,n,s,c
p,s,c,s,w
e,y,n,s,c
e,v,n,s,c
e,y,n,s,c
e,y,n,s,c
e,y,n,s,c
p,s,c,s,w
e,y,n,s,c
p,y,f,k,c
e,v,n,s,c
e,v,n,s,c
p,v,c,s,w
p,v,c,s,c
e,y,n,s,c
e,v,n,s,c
e,y,n,s,c
p,v,f,k,c
e,v,n,s,c
e,y,n,s,c
e,y,n,s,c
p,s,c,s,c
e,v,n,s,c
p,v,f,k,c
e,v,n,s,c
e,v,n,s,c
e,y,n,s,c
p,v,c,s,c
p,s,c,s,w
e,v,n,s,c
e,v,n,s,c
e,y,n,s,c
p,v,f,k,c
e,y,n,s,c
p,y,f,k,c
e,y,n,s,c
p,v,f,k,c
e,v,n,s,c
e,y,n,s,c
e,v,n,s,c
p,y,f,k,c
e,y,n,s,c
e,v,n,s,c
e,v,n,s,c
p,s,c,s,w
e,y,n,s,c
e,y,n,s,c
e,y,n,s,c
e,v,n,s,c
e,v,n,s,c
p,v,f,k,c
e,v,n,s,c
p,y,f,k,c
e,v,n,s,c
e,y,n,s,c
p,v,f,k,c
e,y,n,s,c
p,v,f,k,c
e,y,n,s,c
p,v,c,s,c
e,v,n,s,c
e,y,n,s,c
e,v,n,s,c
e,v,n,s,c
e,v,n,s,c
p,s,c,s,w
p,v,f,k,c
e,v,n,s,c
e,y,n,s,c
p,v,c,s,c
e,y,n,s,c
e,v,n,s,c
e,y,n,s,c
e,y,n,s,c
e,y,n,s,c
p,v,c,s,w
e,y,n,s,c
p,v,f,k,c
e,v,n,s,c
e,v,n,s,c
p,s,c,s,w
e,y,n,s,c
e,v,n,s,c
p,y,f,k,c
e,y,n,s,c
e,v,n,s,c
e,v,n,s,c
p,s,c,s,c
p,v,f,k,c
e,v,n,s,c
e,v,n,s,c
p,v,c,s,c
e,y,n,s,c
e,y,n,s,c
e,v,n,s,c
e,v,n,s,c
e,y,n,s,c
e,y,n,s,c
p,v,c,s,c
e,v,n,s,c
p,y,f,k,c
p,v,c,s,w
e,v,n,s,c
p,v,f,k,c
p,s,c,s,w
e,y,n,s,c
e,v,n,s,c
e,v,n,s,c
e,y,n,s,c
p,v,f,k,c
e,y,n,s,c
p,v,f,k,c
e,v,n,s,c
e,y,n,s,c
p,y,f,k,c
e,v,n,s,c
p,y,f,k,c
e,v,n,s,c
e,v,n,s,c
e,v,n,s,c
e,v,n,s,c
e,y,n,s,c
e,v,n,s,c
e,v,n,s,c
e,v,n,s,c
p,v,f,k,c
e,y,n,s,c
p,v,c,s,c
e,v,n,s,c
e,v,n,s,c
e,y,n,s,c
e,y,n,s,c
e,v,n,s,c
e,v,n,s,c
p,s,c,s,c
e,y,n,s,c
e,v,n,s,c
e,y,n,s,c
p,y,f,k,c
e,v,n,s,c
e,y,n,s,c
p,y,f,k,c
e,y,n,s,c
p,v,f,k,c
e,y,n,s,c
e,y,n,s,c
e,y,n,s,c
e,v,n,s,c
p,v,f,k,c
p,v,c,s,c
p,v,f,k,c
p,v,f,k,c
p,y,f,k,c
e,v,n,s,c
p,v,f,k,c
e,v,n,s,c
e,v,n,s,c
e,y,n,s,c
p,y,f,k,c
e,y,n,s,c
p,s,c,s,w
e,y,n,s,c
e,y,n,s,c
e,v,n,s,c
e,y,n,s,c
p,y,f,k,c
p,v,f,k,c
e,v,n,s,c
e,v,n,s,c
p,v,f,k,c
e,y,n,s,c
p,s,c,s,c
e,v,n,s,c
e,y,n,s,c
p,y,f,k,c
e,y,n,s,c
p,s,c,s,w
p,v,f,k,c
e,v,n,s,c
p,v,f,k,c
e,v,n,s,c
e,y,n,s,c
e,y,n,s,c
e,y,n,s,c
e,y,n,s,c
e,y,n,s,c
e,y,n,s,c
e,y,n,s,c
p,y,f,k,c
e,y,n,s,c
e,v,n,s,c
p,y,f,k,c
p,v,f,k,c
p,y,f,k,c
e,y,n,s,c
e,v,n,s,c
p,y,f,k,c
p,v,f,k,c
p,v,f,k,c
e,v,n,s,c
p,s,c,s,w
e,v,n,s,c
p,y,f,k,c
e,v,n,s,c
e,y,n,s,c
p,y,f,k,c
e,y,n,s,c
p,v,c,s,c
e,v,n,s,c
e,v,n,s,c
e,y,n,s,c
p,v,f,k,c
e,v,n,s,c
e,y,n,s,c
p,s,c,s,c
e,v,n,s,c
e,y,n,s,c
e,y,n,s,c
e,v,n,s,c
p,v,f,k,c
e,y,n,s,c
e,v,n,s,c
e,y,n,s,c
p,s,c,s,c
e,y,n,s,c
e,v,n,s,c
e,y,n,s,c
p,s,c,s,c
p,v,f,k,c
e,v,n,s,c
p,v,f,k,c
p,s,c,s,c
e,y,n,s,c
e,v,n,s,c
e,v,n,s,c
e,v,n,s,c
p,v,c,s,w
e,v,n,s,c
p,v,f,k,c
e,y,n,s,c
e,v,n,s,c
p,v,c,s,c
e,y,n,s,c
p,v,c,s,c
e,y,n,s,c
p,y,f,k,c
e,y,n,s,c
p,s,c,s,c
p,v,f,k,c
e,y,n,s,c
e,y,n,s,c
p,s,c,s,c
p,v,f,k,c
e,y,n,s,c
p,v,f,k,c
e,v,n,s,c
e,v,n,s,c
p,y,f,k,c
e,y,n,s,c
e,v,n,s,c
e,y,n,s,c
e,v,n,s,c
p,v,f,k,c
e,v,n,s,c
e,y,n,s,c
e,v,n,s,c
e,y,n,s,c
e,v,n,s,c
p,v,f,k,c
p,v,c,s,w
p,v,f,k,c
e,v,n,s,c
e,y,n,s,c
e,y,n,s,c
e,y,n,s,c
e,v,n,s,c
e,y,n,s,c
e,v,n,s,c
p,y,f,k,c
e,y,n,s,c
e,y,n,s,c
p,v,f,k,c
p,s,c,s,w
p,v,c,s,w
e,y,n,s,c
p,v,f,k,c
p,v,c,s,w
e,v,n,s,c
e,y,n,s,c
e,v,n,s,c
p,v,f,k,c
e,v,n,s,c
e,v,n,s,c
e,v,n,s,c
p,v,f,k,c
p,v,c,s,c
e,v,n,s,c
p,s,c,s,c
p,v,c,s,c
p,y,f,k,c
e,v,n,s,c
e,v,n,s,c
p,y,f,k,c
e,y,n,s,c
e,v,n,s,c
e,v,n,s,c
e,y,n,s,c
e,v,n,s,c
e,y,n,s,c
e,v,n,s,c
e,v,n,s,c
e,y,n,s,c
e,y,n,s,c
e,y,n,s,c
e,y,n,s,c
e,y,n,s,c
e,v,n,s,c
e,y,n,s,c
e,y,n,s,c
p,y,f,k,c
e,y,n,s,c
e,y,n,s,c
e,v,n,s,c
e,y,n,s,c
e,y,n,s,c
p,v,f,k,c
e,v,n,s,c
p,v,f,k,c
e,y,n,s,c
e,v,n,s,c
e,y,n,s,c
p,v,f,k,c
e,v,n,s,c
e,y,n,s,c
p,v,f,k,c
e,v,n,s,c
p,s,c,s,w
e,y,n,s,c
p,s,c,s,w
e,v,n,s,c
p,v,c,s,c
e,y,n,s,c
e,v,n,s,c
e,y,n,s,c
e,y,n,s,c
p,s,c,s,c
e,y,n,s,c
e,v,n,s,c
p,v,c,s,w
e,y,n,s,c
p,v,c,s,c
e,y,n,s,c
p,y,f,k,c
e,y,n,s,c
p,y,f,k,c
e,v,n,s,c
e,v,n,s,c
e,v,n,s,c
p,s,c,s,w
p,y,f,k,c
e,v,n,s,c
e,v,n,s,c
e,v,n,s,c
e,y,n,s,c
e,v,n,s,c
e,y,n,s,c
p,y,f,k,c
e,y,n,s,c
e,y,n,s,c
e,y,n,s,c
p,v,c,s,c
e,y,n,s,c
e,y,n,s,c
p,y,f,k,c
e,y,n,s,c
p,v,c,s,w
e,v,n,s,c
p,s,c,s,c
p,v,f,k,c
p,y,f,k,c
e,v,n,s,c
e,v,n,s,c
e,y,n,s,c
e,y,n,s,c
p,v,f,k,c
e,y,n,s,c
e,y,n,s,c
p,v,f,k,c
e,y,n,s,c
p,s,c,s,w
e,y,n,s,c
e,y,n,s,c
e,y,n,s,c
e,y,n,s,c
e,y,n,s,c
e,y,n,s,c
p,s,c,s,c
e,v,n,s,c
p,y,f,k,c
e,v,n,s,c
e,v,n,s,c
e,v,n,s,c
p,v,c,s,w
p,v,c,s,w
e,v,n,s,c
e,v,n,s,c
e,v,n,s,c
e,y,n,s,c
p,v,f,k,c
p,v,c,s,w
e,y,n,s,c
e,v,n,s,c
p,v,c,s,w
p,s,c,s,w
e,v,n,s,c
p,v,f,k,c
p,v,c,s,c
p,v,f,k,c
p,v,c,s,c
e,v,n,s,c
p,s,c,s,c
e,v,n,s,c
p,v,c,s,c
p,s,c,s,w
e,y,n,s,c
p,s,c,s,c
p,v,c,s,w
e,y,n,s,c
e,y,n,s,c
p,s,c,s,w
e,v,n,s,c
p,s,c,s,c
e,v,n,s,c
p,v,f,k,c
p,y,f,k,c
e,v,n,s,c
p,v,f,k,c
e,v,n,s,c
p,y,f,k,c
p,y,f,k,c
e,v,n,s,c
e,v,n,s,c
p,v,c,s,c
e,y,n,s,c
p,y,f,k,c
p,v,f,k,c
p,y,f,k,c
p,v,f,k,c
p,v,c,s,w
p,y,f,k,c
p,v,f,k,c
p,v,f,k,c
p,v,f,k,c
p,y,f,k,c
e,y,n,s,c
p,y,f,k,c
p,y,f,k,c
p,y,f,k,c
e,y,n,s,c
e,v,n,s,c
e,v,n,s,c
p,v,f,k,c
p,v,f,k,c
p,v,f,k,c
e,y,n,s,c
p,v,f,k,c
e,v,n,s,c
e,v,n,s,c
e,v,n,s,c
p,y,f,k,c
p,y,f,k,c
p,y,f,k,c
e,v,n,s,c
p,y,f,k,c
p,y,f,k,c
p,v,f,k,c
p,v,f,k,c
p,y,f,k,c
p,v,f,k,c
p,s,c,s,c
p,v,f,k,c
e,v,n,s,c
e,y,n,s,c
p,v,c,s,c
p,v,f,k,c
p,v,f,k,c
e,y,n,s,c
e,y,n,s,c
p,v,f,k,c
e,v,n,s,c
p,v,f,k,c
p,y,f,k,c
e,v,n,s,c
p,v,f,k,c
p,y,f,k,c
p,v,f,k,c
p,y,f,k,c
p,s,c,s,w
p,s,c,s,c
p,v,f,k,c
p,y,f,k,c
p,v,f,k,c
e,v,n,s,c
p,v,f,f,c
p,y,f,k,c
e,v,n,s,c
p,y,f,k,c
p,y,f,k,c
p,v,f,k,c
p,y,f,k,c
p,y,f,k,c
p,y,f,k,c
p,y,f,k,c
p,v,c,s,c
p,v,f,k,c
p,y,f,k,c
e,v,n,s,c
e,v,n,s,c
p,y,f,k,c
p,s,c,s,c
p,v,f,k,c
p,v,f,k,c
p,v,c,s,c
e,v,n,s,c
p,v,f,k,c
p,v,c,s,w
p,v,f,f,c
p,v,f,k,c
e,c,n,s,c
p,y,f,k,c
p,y,f,k,c
p,y,f,k,c
p,y,f,k,c
e,y,n,s,c
p,v,f,k,c
p,v,f,k,c
p,y,f,k,c
p,s,c,s,w
p,v,c,s,c
p,v,f,k,c
p,s,f,s,c
p,v,f,k,c
e,y,n,s,c
p,v,f,k,c
e,v,n,s,c
p,y,f,k,c
e,v,n,s,c
e,y,n,s,c
p,y,f,k,c
p,y,f,k,c
e,v,n,s,c
p,v,f,k,c
e,y,n,s,c
e,y,n,s,c
e,v,n,s,c
p,y,f,k,c
e,v,n,s,c
p,v,f,k,c
p,v,f,k,c
p,v,f,k,c
p,v,f,k,c
p,v,f,k,c
e,v,n,s,c
e,v,n,s,c
p,v,f,k,c
p,y,f,k,c
p,y,f,k,c
p,v,y,k,c
p,y,f,k,c
p,v,f,k,c
p,v,c,s,w
p,v,f,k,c
p,s,f,s,c
p,v,f,k,c
p,y,f,k,c
p,s,c,s,w
p,v,f,k,c
e,v,n,s,c
p,y,f,k,c
p,v,f,k,c
p,v,f,k,c
p,v,f,k,c
p,y,f,k,c
e,v,n,s,c
p,y,f,k,c
e,y,n,s,c
p,v,f,k,c
p,y,f,k,c
p,v,f,k,c
p,v,c,s,w
p,y,f,k,c
e,v,n,s,c
p,s,c,s,c
p,v,f,k,c
p,y,f,k,c
p,v,c,s,w
p,y,f,k,c
p,v,f,k,c
e,v,n,s,c
p,v,f,k,c
p,v,f,k,c
p,s,c,s,c
p,v,c,s,w
e,v,n,s,c
p,v,f,k,c
e,y,n,s,c
e,y,n,s,c
p,y,f,k,c
p,y,f,k,c
p,v,f,k,c
p,y,f,k,c
p,y,f,k,c
e,y,n,s,c
p,v,f,k,c
p,v,f,k,c
p,v,f,k,c
p,y,f,k,c
e,v,n,s,c
e,v,n,s,c
p,y,f,k,c
e,y,n,s,c
e,y,n,s,c
p,v,f,k,c
p,v,f,k,c
p,y,f,k,c
p,y,f,k,c
p,v,f,k,c
p,y,f,k,c
p,v,f,k,c
p,v,f,k,c
p,y,f,k,c
e,v,n,s,c
p,y,f,k,c
e,v,n,s,c
p,v,f,k,c
p,v,f,k,c
e,y,n,s,c
e,y,n,s,c
p,v,f,k,c
e,v,n,s,c
e,y,n,s,c
p,v,f,k,c
p,v,c,s,c
p,y,f,k,c
p,v,y,k,c
p,v,f,k,c
p,y,f,k,c
e,y,n,s,c
p,v,f,s,c
e,v,n,s,c
p,v,n,s,c
e,y,n,s,c
p,v,f,k,c
e,y,n,s,c
p,y,f,k,c
p,y,f,k,c
p,v,f,k,c
e,v,n,s,c
p,y,f,k,c
p,v,f,k,c
p,v,f,k,c
p,y,f,k,c
p,v,f,k,c
p,v,f,k,c
p,v,f,k,c
e,v,n,s,c
p,v,f,k,c
p,v,f,k,c
e,v,n,s,c
p,v,f,k,c
p,v,f,k,c
e,y,n,s,c
p,y,f,k,c
e,y,n,s,c
p,v,f,k,c
p,v,f,k,c
p,v,f,k,c
p,s,c,s,c
e,v,n,s,c
p,y,f,k,c
p,y,f,k,c
p,v,f,k,c
e,v,n,s,c
p,y,f,k,c
p,y,f,k,c
e,v,n,s,c
e,v,n,s,c
p,v,f,f,c
p,y,f,k,c
p,v,f,k,c
p,v,f,k,c
p,v,f,k,c
p,v,f,k,c
p,v,f,k,c
e,y,n,s,c
p,v,f,k,c
p,v,f,k,c
p,y,f,k,c
e,v,n,s,c
e,v,n,s,c
e,y,n,s,c
p,v,f,k,c
p,y,f,k,c
e,y,n,s,c
p,y,f,k,c
e,v,n,s,c
p,v,f,k,c
p,v,f,k,c
p,v,f,k,c
e,v,n,f,w
p,v,f,k,c
p,y,f,k,c
p,v,f,k,c
p,y,f,k,c
p,s,f,f,c
p,v,f,k,c
p,v,f,k,c
p,y,f,k,c
p,v,f,k,c
p,y,f,k,c
e,y,n,s,c
p,y,f,k,c
p,y,f,k,c
e,y,n,s,c
p,v,f,k,c
p,y,f,k,c
p,y,f,k,c
e,y,n,s,c
p,v,f,k,c
p,y,f,k,c
e,y,n,s,c
e,v,n,s,c
p,v,f,k,c
p,v,f,k,c
p,v,f,k,c
p,v,f,k,c
p,y,f,k,c
p,y,f,k,c
p,s,f,f,c
e,y,n,s,c
p,v,y,k,c
e,v,n,s,c
p,v,c,s,w
p,v,c,s,w
p,v,y,s,c
p,y,f,k,c
p,v,f,k,c
p,s,f,s,c
p,y,f,k,c
p,y,f,k,c
p,y,f,k,c
p,y,f,k,c
p,y,f,k,c
p,y,f,k,c
p,y,f,k,c
p,y,f,k,c
p,v,f,k,c
p,v,f,k,c
p,y,f,k,c
p,v,f,k,c
p,v,f,s,c
p,y,f,k,c
p,y,f,k,c
p,y,f,k,c
p,y,f,k,c
p,v,f,k,c
p,v,f,k,c
p,y,f,k,c
e,v,n,s,c
p,v,f,k,c
p,y,f,k,c
p,v,f,k,c
p,v,f,k,c
p,v,f,k,c
p,y,f,k,c
p,y,f,k,c
p,s,f,f,c
p,v,f,k,c
p,v,f,k,c
p,y,f,k,c
p,y,f,k,c
p,v,f,k,c
p,v,f,k,c
p,y,f,k,c
p,y,f,k,c
p,v,f,k,c
p,y,f,k,c
p,v,f,k,c
p,v,f,k,c
p,s,f,f,c
p,y,f,k,c
p,s,f,f,c
p,v,f,k,c
p,v,f,k,c
p,y,f,k,c
p,y,f,k,c
p,v,f,k,c
e,y,n,s,c
p,y,f,k,c
p,y,f,k,c
p,v,f,k,c
p,v,f,k,c
p,y,f,k,c
p,v,f,k,c
p,y,f,k,c
p,y,f,k,c
p,s,c,s,c
p,y,f,k,c
p,y,f,k,c
p,y,f,k,c
p,v,f,k,c
p,v,f,k,c
p,v,f,k,c
p,y,f,k,c
p,v,f,k,c
p,y,f,k,c
p,v,f,k,c
p,y,f,k,c
p,v,f,k,c
p,y,f,k,c
e,v,n,f,w
p,y,f,k,c
p,y,f,k,c
p,y,f,k,c
p,v,f,k,c
p,y,f,k,c
p,v,f,k,c
e,c,n,s,c
p,v,f,k,c
p,y,f,k,c
p,y,f,k,c
p,y,f,k,c
p,v,f,k,c
p,y,f,k,c
p,v,f,k,c
e,c,n,s,c
p,v,f,k,c
p,v,f,k,c
p,y,f,k,c
p,v,f,k,c
p,y,f,k,c
p,y,f,k,c
p,y,f,k,c
p,y,f,k,c
p,y,f,k,c
p,v,f,k,c
p,v,f,k,c
p,y,f,k,c
p,y,f,k,c
e,y,n,s,c
p,y,f,k,c
p,v,f,k,c
p,v,f,k,c
p,v,f,k,c
p,y,f,k,c
p,y,f,k,c
p,y,f,k,c
p,v,f,k,c
p,y,f,k,c
p,v,f,k,c
p,v,f,k,c
p,v,f,k,c
p,y,f,k,c
p,y,f,k,c
p,v,f,k,c
p,y,f,k,c
p,y,f,k,c
p,y,f,k,c
p,y,f,k,c
p,v,f,k,c
e,v,n,s,c
p,y,f,k,c
p,y,f,k,c
p,v,s,k,c
p,v,f,k,c
p,v,n,k,c
p,y,f,k,c
p,v,f,k,c
p,y,f,k,c
p,y,f,k,c
p,v,f,k,c
p,v,f,k,c
p,v,f,k,c
p,y,f,k,c
p,y,f,k,c
e,y,n,s,c
p,y,f,k,c
p,v,f,k,c
p,v,f,k,c
p,v,f,k,c
p,y,f,k,c
p,v,f,k,c
p,y,f,k,c
p,s,f,s,c
p,v,f,k,c
p,v,f,k,c
p,v,f,k,c
p,y,f,k,c
p,v,f,k,c
p,y,f,k,c
p,v,f,k,c
e,c,n,s,c
p,v,f,k,c
p,y,f,k,c
p,y,f,k,c
p,y,f,k,c
p,v,f,k,c
p,y,f,k,c
p,c,n,s,w
p,v,f,s,c
p,y,f,k,c
p,y,f,k,c
p,v,f,k,c
p,v,f,k,c
p,y,f,k,c
p,v,f,k,c
p,v,f,k,c
p,y,f,k,c
p,s,f,f,c
e,v,n,s,c
p,v,y,s,c
p,y,f,k,c
p,y,f,k,c
e,v,n,s,c
e,c,n,s,c
p,y,f,k,c
p,y,f,k,c
p,v,f,k,c
p,y,f,k,c
p,y,f,k,c
p,y,f,k,c
p,y,f,k,c
p,v,f,k,c
p,v,f,k,c
p,y,f,k,c
p,y,f,k,c
p,y,f,k,c
p,y,f,k,c
p,v,f,k,c
p,y,f,k,c
e,y,n,s,c
p,v,f,k,c
p,v,f,k,c
p,y,f,k,c
p,v,f,k,c
p,v,f,k,c
p,v,f,k,c
p,y,f,k,c
p,v,f,k,c
p,y,f,k,c
p,v,f,k,c
p,v,f,k,c
p,y,f,k,c
p,y,f,k,c
e,y,n,s,c
p,v,f,s,c
p,v,f,k,c
p,v,f,k,c
p,y,f,k,c
p,y,f,k,c
p,v,f,k,c
e,v,n,s,c
p,y,f,k,c
e,c,n,s,c
p,y,f,k,c
p,y,f,k,c
p,y,f,k,c
p,v,f,k,c
e,y,n,s,c
p,v,f,k,c
p,v,f,k,c
p,v,f,k,c
p,v,f,k,c
p,v,y,k,c
p,v,f,k,c
p,v,f,k,c
p,v,f,k,c
p,v,f,k,c
p,v,f,k,c
p,v,f,k,c
p,v,f,k,c
p,v,f,k,c
p,v,c,s,c
p,y,f,k,c
p,s,f,f,c
p,v,f,k,c
p,y,f,k,c
p,y,f,k,c
e,y,n,s,c
p,y,f,k,c
p,v,f,k,c
p,y,f,k,c
p,y,f,k,c
p,y,f,k,c
p,y,f,k,c
e,v,n,s,c
p,y,f,k,c
p,v,f,k,c
p,v,f,k,c
p,y,f,k,c
p,y,f,k,c
p,y,f,k,c
p,y,f,k,c
e,c,n,s,c
p,y,f,k,c
p,v,s,s,c
p,y,f,k,c
p,y,f,k,c
p,v,f,k,c
p,v,f,k,c
p,y,f,k,c
p,y,f,k,c
p,y,f,k,c
p,v,f,f,c
p,v,f,k,c
p,y,f,k,c
p,y,f,k,c
p,v,f,k,c
p,v,f,k,c
p,y,f,k,c
p,v,f,k,c
p,y,f,k,c
p,y,f,k,c
p,v,f,k,c
e,y,n,s,c
p,v,f,k,c
p,v,f,k,c
p,v,f,k,c
p,v,f,k,c
p,y,f,k,c
p,v,f,k,c
p,v,f,k,c
p,v,f,k,c
p,y,f,k,c
p,y,f,k,c
e,v,n,s,w
p,v,f,k,c
p,y,f,k,c
p,v,n,k,c
p,y,f,k,c
p,v,f,f,c
e,c,n,s,c
p,v,y,s,c
p,v,c,s,w
p,y,f,k,c
p,v,f,k,c
p,y,f,k,c
p,v,f,k,c
p,v,f,k,c
p,y,f,k,c
p,y,f,k,c
p,y,f,k,c
p,y,f,k,c
p,v,f,k,c
p,v,f,k,c
p,y,f,k,c
p,y,f,k,c
p,y,f,k,c
p,v,f,k,c
p,v,f,k,c
p,v,f,k,c
p,v,f,k,c
p,v,f,k,c
e,c,n,s,c
p,v,f,k,c
p,v,f,k,c
p,v,s,s,c
p,y,f,k,c
p,v,f,k,c
p,y,f,k,c
p,y,f,k,c
p,v,f,k,c
p,v,f,k,c
p,y,f,k,c
p,v,f,k,c
p,y,f,k,c
p,y,f,k,c
e,v,n,s,c
e,c,n,s,c
p,y,f,k,c
p,y,f,k,c
p,v,f,k,c
p,y,f,k,c
p,v,f,k,c
p,y,f,k,c
p,v,f,k,c
p,y,f,k,c
p,v,f,k,c
p,v,f,k,c
p,v,f,k,c
p,y,f,k,c
p,v,f,k,c
p,v,f,s,c
p,v,n,s,c
p,y,f,k,c
p,v,f,k,c
p,v,f,k,c
p,v,f,k,c
p,v,f,k,c
p,y,f,k,c
e,v,n,s,c
e,v,n,s,c
p,y,f,k,c
p,v,f,k,c
p,v,f,k,c
p,v,f,k,c
p,y,f,k,c
p,v,f,k,c
p,y,f,k,c
p,v,f,k,c
p,y,f,k,c
p,y,f,k,c
p,v,f,k,c
p,y,f,k,c
e,v,n,s,c
p,y,f,k,c
p,v,f,k,c
p,y,f,k,c
p,v,f,k,c
p,y,f,k,c
p,y,f,k,c
p,v,f,k,c
p,y,f,k,c
p,v,f,k,c
p,y,f,k,c
p,v,f,k,c
p,y,f,k,c
p,v,c,s,c
p,y,f,k,c
p,v,f,k,c
p,v,f,k,c
p,v,f,k,c
p,v,f,k,c
p,v,f,k,c
p,y,f,k,c
p,v,f,k,c
p,v,f,k,c
p,y,f,k,c
p,v,f,k,c
p,v,f,k,c
p,y,f,k,c
p,y,f,k,c
p,v,f,k,c
p,y,f,k,c
p,y,f,k,c
p,v,f,k,c
p,v,f,k,c
p,y,f,k,c
p,v,f,k,c
p,y,f,k,c
p,v,f,k,c
p,y,f,k,c
p,v,f,k,c
p,v,f,k,c
p,v,y,s,c
e,c,n,s,c
p,v,f,k,c
p,y,f,k,c
p,y,f,k,c
p,y,f,k,c
p,v,f,k,c
p,y,f,k,c
p,v,f,k,c
p,v,f,k,c
p,y,f,k,c
p,y,f,k,c
p,v,f,k,c
p,y,f,k,c
p,y,f,k,c
p,v,f,k,c
p,v,f,k,c
p,v,f,k,c
p,s,c,s,c
p,v,f,f,c
e,v,n,s,c
p,v,f,k,c
p,y,f,k,c
p,v,f,k,c
e,v,n,s,c
p,y,f,k,c
p,v,f,k,c
p,y,f,k,c
p,v,f,k,c
p,y,f,k,c
p,v,f,k,c
p,s,f,s,c
p,v,f,k,c
p,v,f,k,c
p,y,f,k,c
p,v,f,k,c
p,v,f,k,c
e,v,n,s,c
p,y,f,k,c
p,v,f,k,c
p,y,f,k,c
p,y,f,k,c
e,y,n,s,c
p,v,f,k,c
p,y,f,k,c
p,y,f,k,c
p,y,f,k,c
p,v,f,k,c
p,v,f,k,c
p,v,f,k,c
p,v,f,k,c
p,s,f,f,c
e,c,n,s,c
e,y,n,s,c
p,v,f,k,c
p,y,f,k,c
p,y,f,k,c
p,y,f,k,c
p,y,f,k,c
p,y,f,k,c
p,y,f,k,c
p,y,f,k,c
p,y,f,k,c
e,c,n,s,c
p,y,f,k,c
p,y,f,k,c
p,y,f,k,c
p,v,f,k,c
p,y,f,k,c
p,y,f,k,c
p,y,f,k,c
p,y,f,k,c
p,y,f,k,c
p,y,f,k,c
p,y,f,k,c
p,y,f,k,c
p,v,f,k,c
p,v,f,k,c
p,y,f,k,c
p,v,f,k,c
p,y,f,k,c
p,v,f,k,c
p,y,f,k,c
p,y,f,k,c
p,v,f,k,c
p,v,f,k,c
e,y,n,s,c
p,y,f,k,c
p,y,f,k,c
p,s,f,f,c
p,v,f,k,c
p,v,f,k,c
p,s,c,s,c
p,y,f,k,c
p,s,f,f,c
p,y,f,k,c
p,y,f,k,c
p,y,f,k,c
p,v,n,s,c
p,v,f,f,c
p,v,f,k,c
p,y,f,k,c
p,v,f,k,c
p,y,f,k,c
p,v,f,k,c
p,y,f,k,c
p,v,f,k,c
e,v,n,s,c
p,y,f,k,c
e,v,n,s,c
p,y,f,k,c
p,v,f,k,c
p,v,f,k,c
p,y,f,k,c
p,y,f,k,c
p,y,f,k,c
p,v,f,k,c
p,y,f,k,c
p,y,f,k,c
p,y,f,k,c
p,v,f,k,c
p,y,f,k,c
e,y,n,s,c
p,v,f,k,c
e,y,n,s,c
p,y,f,k,c
p,y,f,k,c
p,y,f,k,c
p,y,f,k,c
p,v,f,k,c
p,v,f,k,c
p,y,f,k,c
p,y,f,k,c
p,v,f,k,c
p,y,f,k,c
p,v,f,k,c
p,y,f,k,c
p,y,f,k,c
p,v,f,k,c
p,s,c,s,w
p,v,f,k,c
p,v,f,k,c
p,y,f,k,c
p,v,f,k,c
p,v,f,k,c
p,y,f,k,c
p,v,f,k,c
p,v,f,k,c
p,v,f,k,c
p,y,f,k,c
p,y,f,k,c
p,v,f,k,c
p,y,f,k,c
p,v,f,k,c
p,y,f,k,c
p,v,f,k,c
p,y,f,k,c
p,y,f,k,c
p,v,f,k,c
p,v,f,k,c
p,v,f,k,c
p,y,f,k,c
p,v,f,k,c
p,v,f,k,c
p,v,f,k,c
p,y,f,k,c
p,v,f,k,c
e,c,n,s,c
p,v,f,k,c
p,v,c,s,w
p,y,f,k,c
p,y,f,k,c
p,y,f,k,c
e,y,n,s,c
p,v,f,k,c
p,y,f,k,c
p,v,f,k,c
p,y,f,k,c
e,v,n,s,c
p,y,f,k,c
p,v,f,k,c
p,v,f,k,c
p,y,f,k,c
p,y,f,k,c
p,v,f,k,c
p,v,f,k,c
p,y,f,k,c
p,y,f,k,c
p,y,f,k,c
e,y,n,s,c
p,s,f,f,c
p,v,f,s,c
p,v,f,s,c
p,y,f,k,c
p,v,f,k,c
p,v,f,k,c
e,c,n,s,c
p,v,f,k,c
p,v,f,k,c
p,y,f,k,c
p,y,f,k,c
p,y,f,k,c
e,c,n,s,c
p,v,f,k,c
p,v,n,k,c
p,v,f,k,c
p,v,f,k,c
p,v,s,s,c
p,v,f,k,c
p,y,f,k,c
p,v,f,f,c
p,v,f,k,c
p,y,f,k,c
p,y,f,k,c
e,c,n,s,c
p,v,f,k,c
p,v,n,k,c
p,v,f,k,c
p,s,f,f,c
p,v,f,k,c
p,v,f,k,c
e,c,n,s,c
p,v,f,k,c
p,v,f,k,c
e,v,n,f,w
p,v,c,s,c
p,y,f,k,c
p,v,f,k,c
p,y,f,k,c
p,v,f,k,c
p,v,n,s,c
p,v,f,f,c
e,y,n,s,c
p,v,n,s,c
e,c,n,s,c
p,v,f,f,c
e,c,n,s,c
p,y,f,k,c
p,v,f,f,c
p,v,f,k,c
p,v,f,k,c
p,v,f,k,c
p,y,f,k,c
p,v,f,k,c
p,y,f,k,c
p,y,f,k,c
p,y,f,k,c
p,v,f,k,c
e,c,n,s,c
e,c,n,s,c
e,c,n,s,c
p,v,f,k,c
e,v,n,s,c
p,y,f,k,c
p,y,f,k,c
p,v,f,f,c
p,v,f,k,c
p,y,f,k,c
p,v,f,k,c
p,v,f,k,c
p,v,f,k,c
e,c,n,s,c
e,v,n,s,c
p,y,f,k,c
p,v,f,k,c
p,y,f,k,c
e,v,n,s,c
p,v,f,k,c
p,y,f,k,c
p,v,f,k,c
p,y,f,k,c
p,v,f,k,c
p,v,n,s,c
p,y,f,k,c
p,v,f,k,c
p,y,f,k,c
p,v,f,k,c
p,y,f,k,c
e,c,n,s,c
p,s,f,s,c
p,y,f,k,c
p,v,f,k,c
p,v,f,k,c
p,s,f,f,c
p,v,c,s,c
p,y,f,k,c
p,y,f,k,c
p,y,f,k,c
e,y,n,s,c
e,v,n,s,c
p,v,f,k,c
p,y,f,k,c
p,y,f,k,c
p,v,y,k,c
p,v,y,k,c
p,y,f,k,c
p,v,f,k,c
p,y,f,k,c
p,y,f,k,c
p,v,f,k,c
p,y,f,k,c
e,c,n,s,c
p,y,f,k,c
p,y,f,k,c
p,s,f,f,c
p,v,f,k,c
p,y,f,k,c
p,y,f,k,c
p,v,f,f,c
p,y,f,k,c
p,v,f,k,c
p,v,c,s,c
p,y,f,k,c
e,y,n,s,c
p,y,f,k,c
p,y,f,k,c
e,c,n,s,c
p,v,f,k,c
p,v,f,k,c
p,y,f,k,c
e,v,n,s,w
e,c,n,s,c
p,v,f,k,c
p,v,f,k,c
p,v,f,f,c
p,y,f,k,c
p,v,f,k,c
p,v,f,k,c
p,v,s,s,c
e,c,n,s,c
p,y,f,k,c
p,v,f,k,c
p,y,f,k,c
p,v,f,k,c
p,v,f,k,c
e,c,n,s,c
p,v,n,k,c
p,y,f,k,c
p,y,f,k,c
p,v,f,k,c
p,v,f,f,c
e,c,n,s,c
p,s,f,f,c
p,y,f,k,c
p,v,f,k,c
p,v,f,k,c
p,y,f,k,c
p,v,f,k,c
p,v,f,s,c
p,y,f,k,c
p,y,f,k,c
p,y,f,k,c
p,y,f,k,c
p,s,f,s,c
e,c,n,s,c
e,c,n,s,c
e,c,n,s,c
p,v,n,s,c
p,v,f,k,c
p,v,f,k,c
p,v,f,k,c
p,y,f,k,c
p,y,f,k,c
p,v,f,k,c
p,y,f,k,c
p,v,f,k,c
p,v,f,k,c
p,y,f,k,c
p,v,f,k,c
p,y,f,k,c
p,v,f,k,c
p,y,f,k,c
p,v,f,k,c
p,y,f,k,c
e,y,n,s,c
p,v,f,k,c
p,v,y,s,c
p,v,f,k,c
p,y,f,k,c
p,v,f,k,c
p,v,f,k,c
p,y,f,k,c
p,v,f,k,c
e,c,n,s,c
p,y,f,k,c
p,v,f,k,c
e,c,n,s,c
p,y,f,k,c
p,v,f,k,c
p,v,f,k,c
p,v,f,k,c
p,v,n,k,c
p,v,n,s,c
p,v,f,k,c
p,y,f,k,c
e,y,n,s,c
p,v,f,k,c
p,y,f,k,c
p,y,f,k,c
p,y,f,k,c
e,c,n,s,c
p,v,f,k,c
p,v,f,k,c
p,v,f,k,c
p,v,f,k,c
e,c,n,s,c
p,y,f,k,c
p,v,f,k,c
p,v,f,k,c
p,v,f,k,c
p,v,f,s,c
p,v,c,s,c
p,y,f,k,c
e,v,n,s,c
p,y,f,k,c
p,y,f,k,c
p,v,f,k,c
p,v,f,k,c
p,s,f,f,c
p,y,f,k,c
p,y,f,k,c
p,y,f,k,c
p,v,f,k,c
p,v,f,k,c
p,y,f,k,c
p,y,f,k,c
p,y,f,k,c
p,v,f,k,c
p,y,f,k,c
p,y,f,k,c
p,v,f,k,c
p,v,s,k,c
p,y,f,k,c
p,v,f,k,c
p,v,f,f,c
p,v,f,k,c
p,y,f,k,c
p,y,f,k,c
p,v,f,k,c
p,y,f,k,c
p,v,f,k,c
p,v,y,k,c
e,c,n,s,c
e,c,n,s,c
p,y,f,k,c
p,y,f,k,c
p,y,f,k,c
p,y,f,k,c
p,s,f,s,c
p,v,f,k,c
p,s,f,f,c
p,v,f,k,c
p,y,f,k,c
p,s,f,s,c
p,s,f,f,c
p,s,f,f,c
p,y,f,k,c
p,y,f,k,c
p,v,f,k,c
p,v,f,k,c
e,y,n,s,c
e,c,n,s,c
p,v,f,k,c
p,v,f,k,c
p,v,y,k,c
p,v,f,k,c
p,y,f,k,c
p,v,f,k,c
p,y,f,k,c
e,y,n,s,c
p,y,f,k,c
p,v,f,k,c
p,v,f,k,c
p,y,f,k,c
p,y,f,k,c
p,v,n,k,c
p,y,f,k,c
e,v,n,f,w
p,v,f,k,c
p,y,f,k,c
p,v,f,k,c
p,v,f,k,c
p,v,f,k,c
p,v,f,k,c
p,y,f,k,c
p,v,f,k,c
p,y,f,k,c
p,v,n,s,c
e,c,n,s,c
p,v,f,k,c
p,v,f,k,c
e,c,n,s,c
p,y,f,k,c
p,s,f,s,c
p,v,s,k,c
p,v,y,s,c
p,v,y,k,c
p,c,n,s,w
p,v,f,f,c
e,v,n,f,w
p,y,f,k,c
p,v,f,k,c
p,y,f,k,c
e,c,n,s,c
p,v,f,f,c
p,s,f,s,c
p,v,y,k,c
e,v,n,s,w
p,s,f,s,c
p,v,f,s,c
p,v,f,s,c
p,v,f,s,c
e,v,n,f,w
p,v,f,k,c
p,v,f,f,c
p,s,f,s,c
p,c,n,s,w
p,s,f,s,c
p,c,n,s,w
p,v,f,s,c
p,s,f,f,c
p,v,n,k,c
p,v,s,s,c
p,v,y,k,c
e,c,n,s,c
e,c,n,s,c
p,v,f,s,c
p,v,n,s,c
p,y,f,k,c
p,y,f,k,c
p,v,n,s,c
p,v,f,k,c
p,v,y,k,c
p,y,f,k,c
e,c,n,s,c
p,v,f,k,c
p,y,f,k,c
p,v,y,k,c
e,v,n,s,w
p,v,f,s,c
e,c,n,s,c
e,c,n,s,c
p,y,f,k,c
p,v,n,s,c
p,v,n,k,c
p,v,y,s,c
p,s,f,s,c
p,v,f,f,c
p,y,f,k,c
p,v,f,s,c
p,v,f,s,c
p,v,f,f,c
p,v,n,k,c
e,c,n,s,c
p,s,f,f,c
p,s,f,f,c
e,c,n,s,c
p,y,f,k,c
p,v,n,k,c
e,c,n,s,c
p,y,f,k,c
p,v,f,f,c
p,s,f,f,c
p,v,f,k,c
p,v,f,k,c
e,c,n,s,c
e,c,n,s,c
p,v,n,s,c
e,v,n,f,w
e,c,n,s,c
p,v,f,f,c
p,v,f,f,c
p,y,f,k,c
p,v,f,f,c
p,s,f,s,c
e,v,n,s,w
p,v,y,k,c
p,y,f,k,c
e,v,n,s,c
p,v,f,k,c
p,v,n,s,c
p,v,f,f,c
p,v,s,s,c
e,c,n,s,c
p,v,f,k,c
p,v,f,k,c
p,s,f,f,c
e,c,n,s,c
p,v,f,k,c
p,v,f,k,c
p,y,f,k,c
p,s,f,s,c
p,v,f,s,c
p,v,f,k,c
p,v,f,k,c
p,v,n,k,c
e,c,n,s,c
p,v,f,k,c
p,v,y,k,c
p,s,f,f,c
e,c,n,s,c
p,v,f,k,c
p,v,y,s,c
p,v,f,s,c
p,v,f,f,c
p,v,n,s,c
e,c,n,s,c
p,v,f,s,c
p,v,y,s,c
e,c,n,s,c
p,y,f,k,c
e,c,n,s,c
p,s,f,f,c
e,c,n,s,c
p,v,n,k,c
p,v,f,f,c
p,v,f,k,c
p,v,f,k,c
p,s,f,s,c
p,v,f,s,c
e,c,n,s,c
e,v,n,f,w
p,v,f,k,c
e,c,n,s,c
p,y,f,k,c
p,v,f,k,c
p,v,f,s,c
p,c,n,s,w
e,v,n,f,w
p,v,n,k,c
p,s,f,f,c
p,v,n,k,c
p,v,f,k,c
e,c,n,s,c
p,v,f,k,c
p,v,y,s,c
p,y,f,k,c
p,v,f,k,c
p,v,n,s,c
p,y,f,k,c
p,v,f,s,c
p,v,f,s,c
e,c,n,s,c
p,v,f,k,c
p,s,f,f,c
p,v,n,s,c
p,v,f,s,c
e,c,n,s,c
p,s,f,f,c
p,v,n,k,c
p,v,f,s,c
p,y,f,k,c
p,v,n,k,c
p,s,f,s,c
e,c,n,s,c
p,v,f,s,c
p,v,y,s,c
p,v,y,s,c
p,v,f,f,c
e,c,n,s,c
p,y,f,k,c
e,c,n,s,c
p,s,f,f,c
e,v,n,s,w
p,v,s,k,c
p,v,f,f,c
p,v,f,s,c
p,v,n,k,c
p,v,n,s,c
p,y,f,k,c
e,c,n,s,c
p,c,n,s,w
p,v,f,f,c
e,y,n,s,c
e,v,n,s,c
e,c,n,s,c
p,v,f,s,c
p,v,y,s,c
p,y,f,k,c
p,s,f,s,c
p,s,f,s,c
e,c,n,s,c
p,v,y,k,c
p,y,f,k,c
p,y,f,k,c
e,c,n,s,c
p,s,f,f,c
p,v,s,s,c
p,s,f,s,c
e,v,n,s,w
p,v,f,f,c
p,v,f,k,c
e,y,n,s,c
p,v,f,k,c
p,v,f,s,c
p,v,s,s,c
e,c,n,s,c
p,v,f,s,c
e,c,n,s,c
e,c,n,s,c
p,v,f,s,c
p,v,n,k,c
p,v,s,s,c
e,c,n,s,c
p,v,f,f,c
p,v,f,k,c
e,c,n,s,c
p,v,n,s,c
e,v,n,s,w
p,v,f,k,c
p,s,f,f,c
p,v,s,s,c
p,s,f,s,c
p,s,f,s,c
p,v,f,k,c
e,v,n,s,c
p,v,s,k,c
p,v,f,k,c
p,v,y,k,c
p,v,f,s,c
p,v,f,k,c
p,s,f,s,c
p,v,n,k,c
p,v,f,s,c
p,v,f,f,c
e,v,n,f,w
p,v,f,s,c
p,v,s,k,c
p,v,n,s,c
p,y,f,k,c
e,c,n,s,c
p,v,n,s,c
p,v,n,k,c
p,y,f,k,c
e,v,n,f,w
e,v,n,f,w
p,v,y,s,c
p,v,f,f,c
p,s,f,f,c
p,v,f,s,c
p,s,f,f,c
e,v,n,s,c
p,y,f,k,c
p,s,f,f,c
p,v,f,s,c
p,y,f,k,c
p,v,f,f,c
p,s,f,f,c
p,y,f,k,c
p,y,f,k,c
p,v,f,s,c
p,v,n,k,c
e,c,n,s,c
p,y,f,k,c
p,s,f,s,c
p,v,y,k,c
p,v,f,k,c
p,y,f,k,c
p,s,f,s,c
p,v,n,s,c
p,y,f,k,c
e,c,n,s,c
p,s,f,s,c
p,s,f,f,c
p,s,f,f,c
p,v,f,s,c
p,v,n,s,c
p,s,f,f,c
e,c,n,s,c
p,v,s,s,c
p,v,f,k,c
p,v,f,s,c
e,c,n,s,c
p,v,f,f,c
e,v,n,f,w
e,c,n,s,c
e,v,n,f,w
e,c,n,s,c
p,v,f,s,c
e,c,n,s,c
e,c,n,s,c
p,v,f,s,c
e,c,n,s,c
p,v,f,f,c
p,v,n,k,c
p,s,f,s,c
p,v,f,k,c
p,y,f,k,c
p,v,n,k,c
p,y,f,k,c
p,v,f,k,c
e,v,n,s,w
p,v,y,k,c
p,s,f,s,c
p,v,f,k,c
p,v,n,s,c
p,y,f,k,c
p,s,f,s,c
p,v,f,k,c
p,s,f,f,c
p,s,f,s,c
p,v,y,k,c
p,v,f,k,c
e,c,n,s,c
p,v,f,k,c
e,c,n,s,c
e,c,n,s,c
e,c,n,s,c
p,v,f,f,c
p,v,f,k,c
e,c,n,s,c
e,c,n,s,c
p,v,f,k,c
p,v,n,s,c
p,s,f,s,c
p,s,f,f,c
p,s,f,s,c
p,y,f,k,c
p,s,f,s,c
p,s,f,f,c
e,y,n,s,c
p,v,f,k,c
p,v,f,s,c
p,s,f,f,c
e,v,n,f,w
p,v,f,f,c
e,y,n,s,c
p,v,f,k,c
p,v,f,k,c
p,v,n,s,c
p,v,y,k,c
p,v,s,k,c
p,v,f,k,c
e,c,n,s,c
p,s,f,f,c
p,v,f,s,c
p,v,y,k,c
p,s,f,f,c
p,v,y,k,c
p,s,f,f,c
p,v,f,s,c
p,s,f,s,c
p,v,f,k,c
p,v,f,k,c
p,y,f,k,c
p,y,f,k,c
p,s,f,f,c
p,s,f,f,c
p,s,f,f,c
p,y,f,k,c
p,s,f,f,c
p,v,s,s,c
p,s,f,s,c
e,c,n,s,c
p,v,n,s,c
p,v,y,s,c
e,c,n,s,c
p,v,f,s,c
p,v,f,s,c
p,v,y,k,c
p,s,f,f,c
p,v,y,s,c
p,v,n,s,c
p,v,y,k,c
p,v,f,k,c
p,v,f,k,c
p,v,f,k,c
p,v,n,s,c
p,s,f,f,c
e,c,n,s,c
p,v,f,f,c
e,c,n,s,c
p,s,f,s,c
p,v,y,k,c
p,v,f,k,c
p,v,f,k,c
p,y,f,k,c
e,c,n,s,c
p,v,f,k,c
p,v,s,k,c
p,v,f,f,c
p,y,f,k,c
e,c,n,s,c
p,v,n,s,c
p,v,n,s,c
p,y,f,k,c
p,v,f,k,c
e,v,n,s,c
p,s,f,s,c
p,s,f,f,c
p,s,f,f,c
p,v,y,s,c
e,c,n,s,c
e,c,n,s,c
e,c,n,s,c
p,v,f,s,c
p,y,f,k,c
p,v,y,s,c
p,c,n,s,w
p,v,f,f,c
p,s,f,s,c
p,v,y,k,c
p,s,f,s,c
p,v,s,k,c
e,c,n,s,c
e,y,n,s,c
p,y,f,k,c
p,v,y,s,c
p,y,f,k,c
p,v,s,k,c
p,v,f,s,c
p,v,s,k,c
e,v,n,s,w
p,v,f,f,c
p,y,f,k,c
e,c,n,s,c
p,v,n,s,c
p,v,f,k,c
e,v,n,s,c
p,v,f,s,c
p,v,y,k,c
p,v,f,f,c
p,v,f,k,c
p,v,f,s,c
e,c,n,s,c
p,v,f,k,c
e,c,n,s,c
e,c,n,s,c
e,c,n,s,c
p,v,f,s,c
e,c,n,s,c
p,y,f,k,c
p,y,f,k,c
p,y,f,k,c
e,c,n,s,c
p,v,f,s,c
e,v,n,s,w
e,v,n,s,w
p,v,n,s,c
p,v,y,k,c
p,s,f,s,c
e,v,n,s,c
p,s,f,f,c
e,y,n,s,c
p,v,y,s,c
p,v,f,s,c
e,c,n,s,c
e,c,n,s,c
p,v,s,s,c
p,v,f,s,c
p,v,f,s,c
p,v,f,k,c
e,c,n,s,c
e,c,n,s,c
p,v,f,s,c
p,v,f,k,c
p,v,n,s,c
p,v,f,k,c
p,v,f,s,c
e,c,n,s,c
e,c,n,s,c
p,v,n,s,c
p,v,f,k,c
p,v,y,k,c
p,s,f,s,c
p,v,f,s,c
p,v,s,k,c
p,v,n,s,c
e,v,n,s,w
p,v,f,k,c
p,s,f,s,c
p,v,f,k,c
e,v,n,f,w
p,v,y,s,c
p,s,f,s,c
p,v,y,k,c
e,y,n,s,c
p,v,n,s,c
e,c,n,s,c
p,v,y,k,c
p,v,f,k,c
p,v,f,f,c
p,v,f,k,c
p,v,n,s,c
p,v,s,k,c
p,v,s,k,c
e,c,n,s,c
p,v,f,s,c
e,v,n,s,w
e,y,n,s,c
p,v,y,k,c
e,v,n,s,w
p,v,f,k,c
p,v,s,s,c
e,c,n,s,c
p,v,n,s,c
p,v,f,k,c
p,v,f,k,c
e,v,n,s,w
p,v,f,f,c
p,v,n,s,c
p,y,f,k,c
e,c,n,s,c
p,y,f,k,c
p,v,s,k,c
p,v,y,s,c
p,v,f,k,c
p,v,n,s,c
p,v,f,s,c
e,c,n,s,c
e,v,n,s,w
p,v,f,f,c
e,c,n,s,c
e,c,n,s,c
e,c,n,s,c
p,y,f,k,c
p,v,f,f,c
p,v,f,k,c
e,c,n,s,c
p,v,f,f,c
e,v,n,s,w
p,v,f,k,c
p,v,f,k,c
p,v,n,s,c
p,v,y,k,c
p,y,f,k,c
p,v,f,k,c
p,v,n,s,c
e,c,n,s,c
p,v,f,k,c
e,c,n,s,c
p,v,n,k,c
p,y,f,k,c
p,v,f,k,c
p,v,y,k,c
e,c,n,s,c
p,v,f,f,c
p,s,f,f,c
p,y,f,k,c
e,c,n,s,c
p,y,f,k,c
p,y,f,k,c
e,c,n,s,c
e,c,n,s,c
p,v,f,k,c
p,v,f,s,c
p,v,f,k,c
p,s,f,f,c
p,v,f,f,c
p,v,n,k,c
p,s,f,s,c
e,c,n,s,c
p,y,f,k,c
p,s,f,s,c
e,v,n,f,w
p,y,f,k,c
e,v,n,f,w
p,y,f,k,c
p,v,y,k,c
e,c,n,s,c
p,v,f,f,c
p,y,f,k,c
p,y,f,k,c
p,v,y,s,c
e,y,n,s,c
p,y,f,k,c
p,v,f,f,c
p,v,f,f,c
p,s,f,f,c
e,c,n,s,c
p,v,n,k,c
e,v,n,s,c
p,v,y,s,c
e,c,n,s,c
p,v,f,f,c
p,v,f,k,c
e,c,n,s,c
e,v,n,s,w
p,v,f,s,c
p,v,f,k,c
p,v,y,s,c
e,c,n,s,c
e,c,n,s,c
p,v,f,k,c
p,v,y,k,c
e,c,n,s,c
p,y,f,k,c
p,v,s,s,c
e,c,n,s,c
p,v,f,k,c
p,v,f,k,c
p,y,f,k,c
e,v,n,f,w
p,v,n,s,c
e,c,n,s,c
p,v,f,f,c
p,v,f,s,c
p,v,f,k,c
p,s,f,s,c
p,v,y,s,c
p,v,f,f,c
e,c,n,s,c
p,v,f,s,c
p,v,y,k,c
e,v,n,s,c
e,c,n,s,c
p,v,f,s,c
p,c,n,s,w
p,s,f,s,c
p,v,s,s,c
e,c,n,s,c
p,v,y,k,c
p,v,s,s,c
p,s,f,f,c
e,c,n,s,c
p,s,f,s,c
p,v,n,s,c
e,v,n,f,w
p,v,f,s,c
p,v,f,s,c
p,v,f,k,c
e,c,n,s,c
e,c,n,s,c
e,v,n,s,c
e,c,n,s,c
p,v,f,s,c
p,v,y,s,c
e,c,n,s,c
p,v,n,s,c
p,s,f,s,c
p,v,f,s,c
e,c,n,s,c
p,s,f,s,c
e,c,n,s,c
p,v,n,s,c
p,v,s,k,c
p,v,f,k,c
p,s,f,f,c
e,v,n,s,w
p,v,f,s,c
p,v,f,f,c
p,v,n,s,c
p,v,n,s,c
p,s,f,s,c
e,c,n,s,c
p,v,s,s,c
p,v,f,k,c
e,c,n,s,c
p,v,f,k,c
p,s,f,s,c
p,v,n,s,c
p,v,y,k,c
p,v,f,f,c
p,v,f,s,c
e,y,n,s,c
p,s,f,f,c
p,s,f,f,c
e,v,n,s,c
p,v,s,s,c
e,c,n,s,c
p,v,f,k,c
p,v,y,k,c
p,s,f,f,c
e,y,n,s,c
p,v,n,s,c
p,v,f,f,c
e,v,n,f,w
e,v,n,s,c
p,v,f,s,c
e,v,n,s,c
p,v,y,k,c
e,c,n,s,c
p,v,n,s,c
p,v,n,k,c
p,y,f,k,c
p,v,f,s,c
p,v,f,k,c
e,c,n,s,c
p,v,n,s,c
p,v,n,s,c
p,v,s,s,c
p,v,f,f,c
p,y,f,k,c
p,v,n,s,c
e,v,n,s,w
p,y,f,k,c
p,v,f,k,c
p,v,f,k,c
p,s,f,s,c
p,v,y,s,c
p,v,n,k,c
p,v,f,k,c
p,s,f,s,c
p,y,f,k,c
e,v,n,s,w
p,s,f,f,c
p,v,f,f,c
e,c,n,s,c
p,s,f,s,c
p,v,f,k,c
p,v,f,s,c
p,v,f,s,c
p,s,f,s,c
p,v,f,k,c
e,v,n,s,w
p,v,s,k,c
e,c,n,s,c
p,v,y,k,c
p,s,f,s,c
p,v,y,s,c
e,c,n,s,c
p,v,f,k,c
p,v,f,f,c
e,c,n,s,c
p,v,f,k,c
p,v,f,k,c
e,c,n,s,c
p,v,f,f,c
e,c,n,s,c
p,y,f,k,c
p,s,f,s,c
p,v,s,s,c
p,y,f,k,c
p,v,n,s,c
p,v,s,k,c
e,v,n,s,c
e,y,n,s,c
p,v,f,s,c
p,s,f,f,c
e,v,n,s,c
p,v,n,s,c
p,v,f,k,c
p,v,f,s,c
p,y,f,k,c
p,v,f,k,c
p,y,f,k,c
p,s,f,f,c
e,v,n,s,c
p,s,f,f,c
e,c,n,s,c
p,v,s,k,c
p,s,f,f,c
p,y,f,k,c
p,v,n,s,c
p,v,f,s,c
p,v,n,s,c
p,y,f,k,c
p,y,f,k,c
e,c,n,s,c
e,c,n,s,c
p,v,f,k,c
e,c,n,s,c
p,v,n,s,c
e,c,n,s,c
p,v,y,s,c
e,c,n,s,c
p,s,f,s,c
p,v,n,s,c
p,v,s,s,c
p,v,y,k,c
p,y,f,k,c
p,v,f,s,c
p,v,s,k,c
p,v,f,f,c
e,c,n,s,c
e,y,n,s,c
p,y,f,k,c
p,v,f,s,c
p,v,s,s,c
p,v,f,s,c
p,v,f,s,c
p,y,f,k,c
p,v,n,s,c
e,c,n,s,c
p,v,y,k,c
p,v,f,k,c
e,c,n,s,c
p,v,f,s,c
p,v,f,f,c
p,s,f,s,c
p,y,f,k,c
p,v,f,s,c
p,v,f,f,c
e,c,n,s,c
e,c,n,s,c
e,v,n,s,c
p,s,f,f,c
p,s,f,s,c
e,c,n,s,c
p,y,f,k,c
p,v,s,k,c
p,v,n,s,c
p,y,f,k,c
e,v,n,s,w
p,y,f,k,c
p,s,f,f,c
e,c,n,s,c
e,c,n,s,c
p,v,f,f,c
p,y,f,k,c
p,s,f,s,c
p,v,f,k,c
p,s,f,s,c
e,c,n,s,c
e,c,n,s,c
p,y,f,k,c
e,c,n,s,c
e,c,n,s,c
p,v,f,f,c
p,v,f,s,c
p,v,f,k,c
p,v,f,s,c
p,v,f,s,c
p,v,f,k,c
p,y,f,k,c
p,y,f,k,c
p,v,f,k,c
p,v,n,s,c
p,v,f,s,c
p,v,n,s,c
e,c,n,s,c
p,v,y,s,c
p,v,y,s,c
p,v,f,k,c
p,s,f,s,c
p,v,n,k,c
p,v,f,f,c
e,c,n,s,c
e,c,n,s,c
e,c,n,s,c
p,v,n,s,c
p,v,f,s,c
p,s,f,s,c
p,v,f,k,c
p,v,s,k,c
p,v,n,s,c
p,v,f,f,c
p,v,n,s,c
e,y,n,s,c
e,v,n,f,w
p,v,f,k,c
p,v,f,s,c
p,v,f,k,c
e,c,n,s,c
p,y,f,k,c
p,v,n,k,c
p,v,s,k,c
p,y,f,k,c
p,y,f,k,c
p,s,f,f,c
p,v,f,s,c
e,c,n,s,c
e,v,n,f,w
p,v,n,s,c
p,v,n,k,c
p,v,f,k,c
p,v,s,k,c
p,y,f,k,c
p,v,f,k,c
p,s,f,s,c
e,y,n,s,c
p,v,y,k,c
p,v,n,s,c
p,v,y,k,c
p,v,f,s,c
p,v,f,s,c
e,c,n,s,c
p,s,f,s,c
e,v,n,f,w
p,v,f,k,c
e,y,n,s,c
p,s,f,s,c
p,v,n,s,c
p,y,f,k,c
p,s,f,s,c
p,v,f,s,c
p,v,f,k,c
p,s,f,f,c
p,s,f,s,c
p,v,s,s,c
p,y,f,k,c
p,v,f,k,c
p,v,n,s,c
p,v,f,k,c
p,v,y,k,c
p,v,f,k,c
e,c,n,s,c
e,y,n,s,c
p,v,f,s,c
p,y,f,k,c
p,v,f,k,c
p,v,s,k,c
p,v,f,s,c
p,v,f,k,c
p,v,f,k,c
p,v,s,s,c
p,v,y,k,c
p,v,y,s,c
p,v,s,s,c
p,v,f,s,c
p,v,f,k,c
p,v,s,s,c
p,v,s,k,c
p,v,f,k,c
p,v,y,k,c
p,v,f,s,c
p,v,y,s,c
p,v,f,k,c
p,v,s,k,c
p,v,y,s,c
p,v,f,s,c
p,v,y,k,c
p,v,s,k,c
p,v,y,s,c
p,v,y,k,c
p,v,s,k,c
p,v,y,k,c
p,v,y,k,c
p,v,s,k,c
p,v,y,s,c
p,v,s,k,c
p,v,s,s,c
p,v,s,k,c
p,v,f,s,c
p,v,s,k,c
p,v,s,s,c
p,v,f,k,c
p,v,y,k,c
e,c,n,s,c
p,v,y,k,c
e,v,n,s,c
p,v,y,s,c
p,v,s,k,c
p,v,y,s,c
p,v,y,k,c
p,v,y,s,c
p,v,f,s,c
p,v,s,s,c
p,v,y,s,c
p,v,f,k,c
p,v,s,s,c
p,v,f,s,c
p,v,s,k,c
p,v,y,s,c
p,v,f,s,c
p,v,y,k,c
p,v,f,s,c
p,v,y,k,c
p,v,f,k,c
p,v,s,s,c
p,v,f,k,c
p,v,f,s,c
p,v,s,s,c
p,v,f,k,c
p,v,s,s,c
p,v,s,s,c
p,v,f,s,c
p,v,s,s,c
e,n,n,k,w
p,v,y,s,c
p,v,f,s,c
p,v,f,s,c
p,v,s,s,c
p,v,s,s,c
p,v,s,k,c
p,v,f,k,c
p,v,y,s,c
p,v,f,k,c
p,v,s,k,c
p,v,s,k,c
p,v,y,k,c
p,v,y,k,c
p,v,s,k,c
p,v,s,s,c
p,v,y,k,c
p,v,s,k,c
p,v,y,k,c
p,v,s,s,c
p,v,y,s,c
p,v,s,s,c
p,v,f,s,c
p,v,y,s,c
p,v,f,k,c
p,v,f,s,c
p,v,y,s,c
p,v,f,s,c
p,v,f,s,c
p,v,y,s,c
p,v,y,s,c
p,v,f,k,c
p,v,f,s,c
p,v,s,s,c
p,v,f,s,c
p,v,s,k,c
p,v,y,s,c
p,v,y,s,c
p,v,s,s,c
p,v,y,k,c
p,v,s,k,c
p,v,f,s,c
p,v,y,k,c
p,v,s,k,c
p,v,f,k,c
p,v,f,s,c
p,v,f,k,c
p,v,s,s,c
p,v,s,s,c
p,v,f,s,c
p,v,f,s,c
p,v,s,k,c
e,v,n,s,c
p,v,y,s,c
p,v,y,s,c
p,v,y,s,c
p,v,s,s,c
p,v,y,s,c
p,v,s,s,c
p,v,f,k,c
p,v,f,k,c
p,v,y,k,c
p,v,f,k,c
p,v,f,k,c
p,v,y,s,c
p,v,y,k,c
p,v,s,k,c
p,v,f,s,c
p,v,s,s,c
p,v,y,s,c
p,v,y,k,c
p,v,f,s,c
p,v,s,k,c
p,v,y,s,c
e,n,n,s,w
p,v,s,s,c
p,v,f,k,c
p,v,s,k,c
p,v,y,s,c
e,s,n,k,w
p,v,s,k,c
p,v,s,k,c
p,v,s,s,c
p,v,f,k,c
p,v,f,s,c
p,v,f,k,c
p,v,s,k,c
p,v,y,s,c
p,v,f,s,c
p,v,f,s,c
p,v,f,k,c
p,v,s,s,c
p,v,f,s,c
p,v,s,k,c
p,v,s,s,c
p,v,s,s,c
p,v,y,s,c
p,v,y,s,c
p,v,f,k,c
p,v,y,s,c
p,v,y,s,c
p,v,y,s,c
p,v,y,k,c
p,v,f,k,c
p,v,f,s,c
p,v,f,k,c
p,v,f,s,c
p,v,f,s,c
p,v,f,k,c
p,v,f,s,c
p,v,s,k,c
p,v,y,s,c
p,v,f,s,c
p,v,s,k,c
p,v,f,k,c
p,v,s,k,c
p,v,s,k,c
p,v,y,k,c
p,v,f,k,c
p,v,s,k,c
p,v,s,s,c
p,v,s,k,c
p,v,s,s,c
p,v,f,s,c
p,v,f,s,c
p,v,f,k,c
e,n,n,s,w
p,v,s,k,c
p,v,s,k,c
p,v,s,s,c
p,v,y,k,c
p,v,y,s,c
p,v,f,k,c
p,v,f,k,c
p,v,f,k,c
e,s,n,k,w
p,v,s,k,c
p,v,f,s,c
p,v,y,k,c
p,v,s,k,c
p,v,y,k,c
p,v,y,k,c
p,v,f,k,c
p,v,y,s,c
p,v,f,s,c
p,v,s,s,c
e,n,n,k,w
p,v,s,s,c
p,v,f,s,c
p,v,f,s,c
p,v,s,s,c
e,s,n,s,w
p,v,s,s,c
p,v,y,k,c
p,v,f,s,c
p,v,s,k,c
p,v,f,k,c
p,v,y,k,c
p,v,s,s,c
p,v,f,k,c
p,v,s,s,c
p,v,y,s,c
p,v,y,s,c
p,v,y,s,c
p,v,y,s,c
p,v,y,k,c
p,v,f,s,c
p,v,f,k,c
p,v,f,k,c
p,v,s,s,c
p,v,y,k,c
p,v,y,s,c
p,v,s,s,c
p,v,f,s,c
p,v,f,s,c
p,v,y,s,c
p,v,y,k,c
p,v,f,k,c
p,v,s,s,c
p,v,s,s,c
p,v,f,k,c
p,v,y,k,c
p,v,s,k,c
p,v,s,s,c
p,v,f,k,c
p,v,s,s,c
p,v,s,k,c
p,v,y,s,c
p,v,y,k,c
p,v,s,s,c
p,v,s,s,c
p,v,y,k,c
p,v,f,s,c
e,s,n,k,w
p,v,y,k,c
p,v,s,s,c
p,v,y,s,c
p,v,s,k,c
p,v,s,k,c
p,v,y,s,c
p,v,s,s,c
p,v,y,s,c
p,v,f,k,c
p,v,s,s,c
p,v,s,s,c
p,v,f,s,c
p,v,s,s,c
p,v,y,k,c
p,v,s,k,c
p,v,f,k,c
p,v,f,k,c
e,s,n,k,w
p,v,s,k,c
p,v,y,s,c
p,v,f,s,c
p,v,f,s,c
p,v,y,k,c
p,v,s,s,c
p,v,f,k,c
p,v,f,s,c
p,v,f,s,c
p,v,s,k,c
p,v,y,k,c
p,v,s,k,c
p,v,s,s,c
p,v,s,k,c
p,v,y,s,c
p,v,f,s,c
p,v,f,k,c
p,v,f,k,c
p,v,y,k,c
p,v,y,k,c
p,v,s,s,c
p,v,y,k,c
p,v,f,s,c
p,v,s,s,c
p,v,s,k,c
p,v,f,k,c
p,v,f,s,c
p,v,f,s,c
p,v,y,s,c
p,v,f,s,c
p,v,f,k,c
p,v,f,s,c
p,v,f,s,c
p,v,s,k,c
p,v,f,k,c
p,v,y,k,c
p,v,f,k,c
p,v,y,s,c
p,v,f,s,c
p,v,y,s,c
p,v,f,k,c
p,v,y,k,c
p,v,f,k,c
p,v,s,k,c
p,v,s,k,c
p,v,y,k,c
p,v,s,k,c
p,v,y,s,c
p,v,f,s,c
p,v,f,s,c
p,v,f,s,c
e,s,n,s,w
p,v,f,s,c
p,v,f,k,c
p,v,s,k,c
p,v,s,k,c
p,v,f,k,c
p,v,y,s,c
p,v,s,k,c
p,v,f,k,c
p,v,f,s,c
p,v,f,k,c
p,v,f,k,c
p,v,y,k,c
p,v,f,k,c
p,v,f,s,c
p,v,f,s,c
p,v,s,k,c
p,v,f,s,c
p,v,f,k,c
p,v,f,k,c
p,v,f,s,c
p,v,s,k,c
p,v,y,k,c
p,v,y,k,c
p,v,y,s,c
p,v,f,k,c
p,v,y,k,c
p,v,y,s,c
p,v,f,k,c
p,v,f,s,c
p,v,y,s,c
p,v,f,s,c
p,v,s,s,c
p,v,y,s,c
p,v,f,k,c
e,n,n,k,w
p,v,f,s,c
p,v,f,k,c
p,v,y,k,c
p,v,f,k,c
p,v,y,k,c
p,v,f,s,c
p,v,f,s,c
p,v,y,k,c
e,v,n,s,c
p,v,f,k,c
p,v,s,k,c
p,v,y,k,c
p,v,s,s,c
p,v,s,k,c
p,v,f,k,c
p,v,s,k,c
p,v,s,k,c
p,v,y,k,c
p,v,f,k,c
p,v,s,k,c
p,v,f,k,c
p,v,y,k,c
p,v,s,k,c
p,v,y,k,c
p,v,s,k,c
p,v,f,k,c
p,v,y,k,c
p,v,y,s,c
p,v,f,s,c
e,s,n,k,w
p,v,y,s,c
p,v,f,s,c
p,v,y,s,c
p,v,s,s,c
p,v,s,s,c
p,v,f,s,c
e,s,n,k,w
p,v,s,k,c
p,v,s,s,c
e,s,n,s,w
p,v,y,s,c
p,v,s,k,c
p,v,f,s,c
p,v,s,k,c
p,v,f,k,c
p,v,s,k,c
p,v,s,s,c
p,v,s,s,c
p,c,m,k,c
p,v,y,s,c
p,v,y,s,c
p,v,s,k,c
p,v,y,s,c
p,v,f,k,c
p,v,s,s,c
p,v,f,k,c
p,v,s,s,c
e,c,n,s,c
p,v,s,s,c
p,v,s,s,c
p,v,s,s,c
p,v,f,k,c
p,v,y,k,c
p,v,f,k,c
p,v,s,s,c
p,v,y,s,c
p,v,f,s,c
e,v,n,s,c
p,v,s,k,c
p,v,f,s,c
p,v,f,s,c
p,v,y,k,c
p,v,f,k,c
p,v,s,k,c
p,v,f,s,c
p,v,y,s,c
p,v,s,s,c
p,v,y,k,c
p,v,y,s,c
p,v,y,s,c
p,v,y,k,c
p,v,y,s,c
e,n,n,s,w
p,v,y,s,c
p,v,y,s,c
p,v,f,s,c
p,v,s,k,c
p,v,y,k,c
p,v,f,k,c
p,v,s,k,c
p,v,s,s,c
p,v,y,k,c
p,v,s,k,c
p,v,s,k,c
p,v,f,s,c
p,v,s,k,c
p,v,f,s,c
p,v,f,s,c
p,v,y,k,c
p,v,y,k,c
p,v,y,k,c
p,v,y,k,c
p,v,f,k,c
p,v,f,s,c
p,v,f,k,c
p,v,s,s,c
p,v,y,s,c
p,v,f,k,c
p,v,y,s,c
p,v,f,k,c
p,v,y,s,c
p,v,s,s,c
p,v,s,k,c
p,v,s,s,c
p,v,y,s,c
p,v,s,k,c
p,v,y,k,c
p,v,y,k,c
p,v,y,k,c
p,v,s,s,c
p,v,f,k,c
p,v,s,s,c
p,v,f,s,c
p,v,s,k,c
p,v,s,s,c
p,v,f,k,c
p,v,s,k,c
p,v,f,s,c
p,v,y,k,c
p,v,y,k,c
p,v,f,s,c
p,v,s,k,c
p,v,f,k,c
p,v,f,k,c
p,v,s,s,c
p,v,f,s,c
p,v,f,k,c
p,v,y,s,c
p,v,s,k,c
p,v,f,s,c
p,v,s,s,c
p,v,y,s,c
e,n,n,k,w
p,v,s,k,c
p,v,f,s,c
p,v,y,k,c
p,v,y,s,c
p,v,y,s,c
p,v,f,k,c
p,v,y,k,c
e,n,n,s,w
p,v,f,k,c
p,v,f,s,c
p,v,y,s,c
p,v,y,k,c
p,v,y,k,c
p,v,f,k,c
p,v,s,k,c
p,v,f,k,c
p,v,s,k,c
p,v,s,k,c
p,v,y,k,c
p,v,s,k,c
e,n,n,s,w
p,v,f,s,c
p,v,f,s,c
p,v,f,k,c
p,v,s,s,c
p,v,y,s,c
p,v,y,k,c
p,v,s,s,c
p,v,y,s,c
p,v,y,s,c
p,v,s,s,c
p,v,s,k,c
p,v,f,k,c
p,v,s,s,c
p,v,s,k,c
p,v,f,s,c
p,v,y,s,c
p,v,f,k,c
p,v,s,k,c
p,v,s,k,c
p,v,f,s,c
p,v,s,s,c
p,v,y,s,c
p,v,s,k,c
p,v,y,s,c
p,v,f,s,c
p,v,s,s,c
p,v,s,k,c
e,v,n,s,c
p,v,y,s,c
p,v,y,s,c
p,v,f,s,c
p,v,y,k,c
p,v,y,s,c
p,v,y,k,c
p,v,f,k,c
p,v,y,s,c
p,v,f,s,c
p,v,f,s,c
p,v,s,s,c
p,v,y,s,c
p,v,s,k,c
p,v,f,k,c
p,v,y,k,c
p,v,y,k,c
p,v,f,s,c
p,v,f,s,c
p,v,y,s,c
p,v,f,s,c
p,v,y,s,c
p,v,y,k,c
p,v,s,s,c
p,v,s,k,c
p,v,s,s,c
p,v,s,k,c
p,v,y,s,c
p,v,y,k,c
p,v,y,s,c
p,v,s,s,c
p,v,f,s,c
p,v,y,s,c
p,v,s,k,c
p,v,s,k,c
p,v,s,k,c
p,v,s,k,c
p,v,s,k,c
p,v,y,k,c
p,v,s,s,c
p,v,y,s,c
e,n,n,s,w
p,v,y,k,c
p,v,s,k,c
p,v,s,s,c
p,v,s,s,c
p,v,s,k,c
p,v,f,s,c
p,v,f,k,c
p,v,s,s,c
p,v,y,k,c
p,v,f,k,c
p,v,f,k,c
p,v,f,s,c
p,v,f,s,c
p,v,y,s,c
p,v,s,s,c
p,v,f,k,c
p,v,y,k,c
p,v,s,k,c
p,v,f,k,c
p,v,s,s,c
p,v,s,s,c
p,v,f,k,c
p,v,s,k,c
p,v,y,k,c
p,v,f,k,c
p,v,s,s,c
p,v,y,s,c
p,v,s,s,c
p,v,y,s,c
p,v,y,s,c
p,v,s,k,c
p,v,y,s,c
p,v,f,k,c
p,v,s,k,c
p,v,f,k,c
p,v,s,k,c
p,v,f,s,c
p,v,y,k,c
p,v,y,s,c
p,v,y,s,c
p,v,y,k,c
p,v,y,k,c
p,v,s,k,c
p,v,f,k,c
p,v,y,s,c
p,v,f,s,c
p,v,y,k,c
p,v,s,s,c
p,v,y,s,c
p,v,y,k,c
p,v,s,s,c
p,v,y,k,c
p,v,s,k,c
p,v,f,k,c
p,v,y,s,c
p,v,s,s,c
p,v,f,s,c
p,v,f,k,c
p,v,s,k,c
p,v,y,s,c
e,s,n,s,w
p,v,y,k,c
p,v,s,k,c
e,v,n,s,c
p,v,y,s,c
p,v,s,k,c
p,v,s,s,c
p,v,s,k,c
p,c,m,k,c
p,v,s,s,c
p,v,s,k,c
p,v,y,k,c
p,v,s,s,c
p,v,f,k,c
p,v,f,s,c
p,v,f,s,c
p,v,s,k,c
p,v,y,k,c
p,v,y,s,c
p,v,s,s,c
p,v,y,s,c
p,v,f,k,c
p,v,s,k,c
p,v,f,k,c
p,v,f,k,c
p,v,y,k,c
p,v,f,k,c
p,v,s,s,c
p,v,f,s,c
p,v,y,s,c
p,v,y,k,c
p,v,s,s,c
p,v,y,s,c
p,v,s,k,c
p,v,s,s,c
p,v,f,s,c
p,v,y,s,c
p,v,f,k,c
p,v,y,s,c
p,v,s,s,c
p,v,f,k,c
p,v,y,k,c
p,v,s,s,c
p,v,s,k,c
p,v,f,s,c
p,v,y,s,c
p,v,f,s,c
p,v,y,k,c
p,v,y,k,c
p,v,f,s,c
p,v,y,k,c
p,v,f,s,c
p,v,f,s,c
p,v,f,s,c
p,v,s,s,c
p,v,y,k,c
p,v,s,s,c
p,v,f,k,c
p,v,y,s,c
p,v,s,s,c
p,v,s,s,c
p,v,f,s,c
p,v,s,k,c
p,v,f,k,c
p,v,s,s,c
p,v,y,s,c
p,v,s,s,c
p,v,y,k,c
p,v,s,k,c
p,v,f,s,c
p,v,f,k,c
p,v,s,k,c
p,v,y,k,c
p,v,s,s,c
p,v,y,k,c
p,v,s,k,c
p,v,y,k,c
p,v,s,k,c
p,v,y,k,c
p,v,y,s,c
p,v,f,s,c
p,v,y,s,c
p,v,s,k,c
p,v,y,k,c
e,s,n,k,w
p,v,y,s,c
p,v,f,s,c
p,v,s,s,c
p,v,f,s,c
p,v,y,k,c
p,v,s,k,c
p,v,y,k,c
e,s,n,s,w
p,v,s,k,c
p,v,f,s,c
p,v,s,s,c
p,v,f,s,c
p,v,f,s,c
p,v,s,k,c
p,v,s,s,c
p,v,y,s,c
p,v,f,s,c
e,s,n,k,w
e,c,n,s,c
p,v,s,s,c
p,v,s,s,c
p,v,s,s,c
p,v,s,k,c
p,v,y,s,c
p,v,f,s,c
p,v,y,s,c
p,v,f,k,c
p,v,s,k,c
p,v,y,s,c
e,n,n,s,w
p,v,f,s,c
p,v,y,k,c
p,v,y,k,c
p,v,y,k,c
p,v,f,k,c
p,v,y,k,c
p,v,y,k,c
p,v,y,s,c
p,v,y,s,c
p,v,f,s,c
p,v,s,s,c
p,v,f,s,c
p,v,s,s,c
p,v,f,s,c
p,v,s,k,c
p,v,f,s,c
p,v,s,s,c
p,v,s,s,c
p,v,s,s,c
p,v,y,k,c
p,v,s,k,c
p,v,f,k,c
p,v,f,s,c
p,v,y,k,c
p,v,f,k,c
p,v,y,s,c
p,v,s,k,c
p,v,y,s,c
p,v,f,s,c
p,v,s,k,c
p,v,f,s,c
p,v,y,k,c
p,v,y,s,c
p,v,s,s,c
p,v,y,s,c
p,v,f,k,c
p,v,f,k,c
p,v,f,s,c
p,v,y,k,c
p,v,s,s,c
p,v,y,k,c
p,v,f,k,c
p,v,s,k,c
p,v,f,k,c
p,v,y,k,c
p,v,y,s,c
p,v,s,k,c
p,v,y,s,c
p,v,y,s,c
p,v,y,k,c
p,v,s,k,c
p,v,f,s,c
e,n,n,k,w
p,v,y,k,c
p,v,y,k,c
p,v,s,s,c
p,v,s,s,c
p,v,s,k,c
p,v,f,s,c
p,v,f,k,c
p,v,f,k,c
p,v,f,k,c
p,v,f,s,c
p,v,f,k,c
p,v,f,k,c
p,v,s,s,c
p,v,y,s,c
p,v,f,k,c
p,v,s,s,c
p,v,s,s,c
p,v,s,k,c
p,v,y,k,c
p,v,s,s,c
p,v,f,k,c
e,c,n,s,c
p,v,f,s,c
p,v,s,k,c
p,v,s,k,c
p,v,f,k,c
p,v,f,k,c
p,c,m,k,c
p,v,f,k,c
p,v,s,k,c
p,v,y,k,c
p,v,f,s,c
e,s,n,k,w
p,v,y,k,c
p,v,y,s,c
p,v,y,s,c
p,v,s,k,c
p,v,y,s,c
p,v,y,k,c
p,v,f,k,c
p,v,f,k,c
p,v,f,s,c
p,v,f,s,c
p,v,y,s,c
p,v,y,k,c
p,v,y,k,c
p,v,s,s,c
p,v,f,k,c
p,v,y,k,c
p,v,y,k,c
p,v,f,k,c
p,v,f,k,c
p,v,f,k,c
p,v,f,k,c
p,v,y,s,c
p,v,f,k,c
e,n,n,k,w
p,v,y,s,c
p,v,y,s,c
p,v,s,s,c
p,v,s,s,c
p,v,f,k,c
p,v,s,k,c
p,v,s,s,c
p,v,f,k,c
p,v,s,s,c
p,v,s,s,c
p,v,s,s,c
p,v,f,s,c
p,v,y,k,c
p,v,y,k,c
p,v,f,k,c
e,v,n,s,c
p,v,y,k,c
p,v,y,s,c
p,v,f,k,c
e,y,n,s,c
e,c,n,s,c
e,n,n,s,w
e,s,n,s,w
p,v,s,s,c
p,v,f,s,c
e,c,n,s,c
p,v,s,k,c
p,c,n,y,w
p,v,f,k,c
e,n,n,k,w
p,v,f,s,c
p,v,s,s,c
p,v,s,k,c
p,v,y,k,c
p,v,s,k,c
e,s,n,s,w
p,v,s,s,c
p,v,y,k,c
p,v,f,k,c
e,n,n,k,w
p,v,s,k,c
p,v,y,s,c
e,c,n,s,c
e,y,n,s,c
p,v,y,k,c
p,v,y,k,c
p,v,s,s,c
e,n,n,s,w
p,v,f,k,c
p,v,y,k,c
p,v,y,k,c
p,v,f,s,c
e,s,n,s,w
e,n,n,s,w
p,v,y,k,c
p,v,y,s,c
e,v,n,s,c
p,v,s,s,c
p,v,y,s,c
p,v,s,s,c
p,c,m,k,c
p,v,f,s,c
p,v,s,s,c
p,v,s,s,c
p,v,f,k,c
p,v,f,s,c
p,v,f,s,c
e,s,n,s,w
p,v,s,k,c
p,v,f,s,c
p,v,y,s,c
p,v,s,k,c
p,v,s,s,c
e,s,n,s,w
p,v,f,s,c
p,v,s,k,c
p,v,s,k,c
p,v,s,s,c
p,v,y,k,c
p,v,s,s,c
p,v,y,k,c
p,v,f,s,c
e,y,n,y,c
p,v,f,s,c
p,v,f,k,c
e,y,n,y,c
p,v,f,k,c
p,v,y,s,c
p,v,s,k,c
p,v,s,s,c
e,s,n,s,w
p,v,f,k,c
p,v,y,s,c
p,v,f,k,c
p,v,f,k,c
p,v,y,k,c
p,v,f,k,c
p,v,s,k,c
p,v,f,k,c
e,y,n,y,c
p,v,y,k,c
p,v,f,s,c
p,v,f,k,c
p,v,s,s,c
e,c,n,s,c
e,n,n,k,w
p,c,m,k,c
p,v,y,k,c
p,v,y,k,c
e,c,n,s,c
p,v,s,k,c
p,v,s,s,c
e,s,n,k,w
e,s,n,s,w
e,v,n,s,c
p,v,s,s,c
p,v,s,k,c
p,v,s,k,c
e,s,n,k,w
e,n,n,k,w
e,s,n,k,w
p,v,f,k,c
p,v,s,s,c
e,s,n,s,w
e,s,n,s,w
p,v,f,s,c
e,s,n,s,w
p,v,s,s,c
p,v,f,s,c
p,v,f,s,c
e,s,n,s,w
e,n,n,s,w
p,v,y,s,c
p,v,f,s,c
e,s,n,k,w
e,n,n,k,w
p,v,s,k,c
e,v,n,s,c
p,v,y,k,c
p,v,y,s,c
e,c,n,s,c
e,c,n,s,c
p,v,s,k,c
p,v,y,k,c
p,v,s,k,c
p,v,y,k,c
p,v,y,s,c
e,n,n,k,w
e,c,n,s,c
p,c,m,k,c
e,s,n,s,w
e,v,n,s,c
e,v,n,s,c
p,v,s,k,c
e,n,n,s,w
e,s,n,k,w
e,v,n,s,c
p,v,y,k,c
p,v,s,k,c
p,v,s,k,c
p,v,y,k,c
e,n,n,s,w
p,v,s,k,c
p,v,s,k,c
p,v,s,k,c
e,s,n,k,w
e,c,n,s,c
p,v,f,k,c
p,v,s,k,c
e,v,n,s,c
p,v,y,k,c
p,v,y,k,c
p,v,s,s,c
p,v,s,s,c
p,v,s,s,c
p,v,y,s,c
p,v,s,s,c
p,v,y,s,c
e,y,n,s,c
p,v,y,s,c
p,c,m,k,c
p,v,f,s,c
e,s,n,k,w
p,v,f,k,c
p,v,y,k,c
p,v,s,s,c
p,v,y,s,c
p,v,f,k,c
e,y,n,s,c
p,v,f,s,c
p,v,f,s,c
p,v,y,k,c
p,v,y,k,c
p,v,f,s,c
e,c,n,s,c
p,v,s,s,c
p,v,s,s,c
p,v,f,s,c
p,v,s,k,c
p,v,f,k,c
p,v,y,s,c
e,s,n,k,w
p,v,s,k,c
p,v,s,s,c
e,n,n,s,w
e,v,n,s,c
p,c,m,k,c
p,v,s,s,c
p,v,f,k,c
p,v,f,k,c
p,v,y,s,c
p,v,y,s,c
p,v,y,s,c
e,n,n,k,w
p,v,f,k,c
p,c,m,k,c
p,v,s,k,c
p,v,s,k,c
e,s,n,s,w
p,v,y,k,c
p,v,y,s,c
p,v,f,k,c
p,v,y,k,c
p,v,f,s,c
p,v,f,k,c
e,n,n,s,w
p,c,m,k,c
p,v,y,k,c
p,v,f,s,c
p,v,f,k,c
p,v,s,k,c
e,v,n,s,c
p,v,y,k,c
p,v,y,k,c
e,n,n,k,w
p,v,s,k,c
p,v,y,s,c
p,v,s,s,c
e,n,n,s,w
p,v,s,s,c
p,v,s,k,c
p,v,y,k,c
p,v,f,s,c
e,v,n,s,c
p,v,y,k,c
p,v,y,s,c
p,v,y,s,c
p,v,f,s,c
e,v,n,s,c
e,s,n,k,w
e,v,n,s,c
e,n,n,k,w
p,v,y,s,c
p,v,f,s,c
p,v,s,k,c
p,v,y,k,c
e,n,n,k,w
p,v,s,s,c
e,n,n,s,w
p,v,f,k,c
p,v,f,s,c
p,c,m,k,c
p,v,s,s,c
p,v,s,s,c
p,v,s,k,c
p,v,f,k,c
p,v,f,k,c
p,v,s,k,c
e,s,n,k,w
p,v,y,s,c
p,v,y,k,c
p,v,s,k,c
p,v,y,k,c
e,n,n,s,w
p,v,s,s,c
p,v,s,s,c
p,v,s,s,c
e,s,n,s,w
p,v,y,k,c
p,v,y,s,c
p,v,y,s,c
p,c,m,k,c
e,s,n,k,w
p,v,f,k,c
p,v,f,s,c
e,n,n,s,w
p,v,f,k,c
p,v,s,k,c
e,c,n,s,c
p,v,f,s,c
p,v,s,k,c
e,c,n,s,c
p,v,f,k,c
p,v,f,k,c
p,v,s,k,c
p,v,s,s,c
e,y,n,s,c
e,c,n,s,c
e,n,n,k,w
p,v,s,s,c
e,n,n,s,w
p,v,y,k,c
p,v,s,s,c
e,c,n,s,c
p,v,y,k,c
p,v,f,k,c
p,v,y,k,c
p,v,s,s,c
p,v,s,k,c
p,v,f,k,c
e,y,n,y,c
p,v,f,s,c
p,v,s,k,c
p,v,y,s,c
p,v,f,k,c
e,n,n,s,w
p,v,f,s,c
e,s,n,k,w
p,v,y,k,c
e,n,n,k,w
e,c,n,s,c
p,v,f,k,c
p,v,f,s,c
e,n,n,k,w
p,v,y,s,c
p,v,s,s,c
e,n,n,k,w
p,v,f,k,c
p,v,f,k,c
p,v,f,k,c
p,v,s,k,c
p,v,s,s,c
e,n,n,k,w
p,v,f,k,c
p,v,f,s,c
e,n,n,s,w
e,v,n,s,c
e,n,n,k,w
p,v,s,k,c
p,v,f,s,c
p,v,s,s,c
e,s,n,k,w
p,v,s,k,c
e,v,n,s,c
e,n,n,k,w
p,c,m,k,c
e,s,n,k,w
p,v,y,s,c
e,c,n,s,c
e,n,n,k,w
e,c,n,s,c
e,n,n,k,w
p,v,f,k,c
p,v,y,s,c
e,c,n,s,c
p,v,y,k,c
p,v,y,s,c
p,v,y,s,c
p,v,s,s,c
e,v,n,s,c
e,s,n,k,w
e,c,n,s,c
p,v,s,k,c
p,v,s,s,c
p,v,y,k,c
p,v,y,s,c
e,c,n,s,c
p,v,y,s,c
e,v,n,s,c
p,v,y,k,c
e,s,n,s,w
p,v,f,s,c
p,v,f,k,c
e,s,n,s,w
p,v,y,k,c
e,n,n,s,w
p,v,f,s,c
p,v,f,s,c
e,n,n,k,w
p,v,s,k,c
p,c,m,k,c
e,n,n,s,w
p,v,y,k,c
p,v,s,k,c
p,v,y,k,c
e,n,n,s,w
e,s,n,s,w
p,v,s,s,c
e,n,n,s,w
p,v,f,s,c
p,v,y,s,c
e,s,n,k,w
p,v,y,k,c
e,s,n,k,w
p,v,y,s,c
e,n,n,s,w
e,v,n,s,c
p,v,s,k,c
p,v,f,s,c
e,n,n,s,w
p,c,m,k,c
p,v,y,k,c
p,v,f,k,c
p,v,y,s,c
p,v,f,s,c
e,c,n,s,c
p,v,f,k,c
e,y,n,y,c
e,n,n,s,w
p,v,y,k,c
p,c,n,y,w
p,v,y,s,c
p,v,s,k,c
p,v,s,s,c
e,c,n,s,c
e,y,n,s,c
e,n,n,k,w
p,v,s,s,c
p,v,s,k,c
p,v,s,s,c
e,n,n,k,w
e,c,n,s,c
p,v,y,k,c
p,v,f,s,c
e,s,n,k,w
p,v,y,s,c
e,s,n,s,w
p,v,y,s,c
p,v,s,s,c
e,n,n,k,w
e,n,n,s,w
p,v,f,k,c
p,v,f,k,c
p,v,s,k,c
e,n,n,k,w
p,v,f,s,c
p,v,y,k,c
p,v,f,s,c
p,c,m,k,c
p,v,f,k,c
e,c,n,s,c
p,v,f,s,c
e,v,n,s,c
e,n,n,s,w
e,n,n,s,w
p,v,s,k,c
p,v,y,k,c
p,v,f,s,c
p,v,y,k,c
e,s,n,s,w
e,n,n,s,w
p,c,m,k,c
p,v,f,s,c
p,v,f,s,c
p,v,y,s,c
p,v,s,s,c
p,v,s,k,c
p,c,m,k,c
p,v,s,s,c
e,n,n,s,w
p,v,y,k,c
e,s,n,s,w
p,v,f,s,c
p,v,y,k,c
e,s,n,k,w
e,s,n,s,w
p,v,y,k,c
e,c,n,s,c
e,y,n,s,c
e,n,n,s,w
p,v,s,s,c
p,v,f,k,c
p,v,f,s,c
e,n,n,s,w
e,s,n,k,w
e,y,n,s,c
e,s,n,s,w
p,v,y,s,c
p,v,y,s,c
p,v,y,s,c
p,v,f,s,c
e,c,n,s,c
p,c,n,y,w
p,c,m,k,c
p,v,y,s,c
e,v,n,s,c
p,v,s,s,c
e,n,n,s,w
e,s,n,s,w
p,v,f,k,c
e,v,n,s,c
e,v,n,s,c
e,y,n,s,c
e,s,n,s,w
p,v,y,k,c
p,v,f,s,c
p,v,s,k,c
p,v,y,k,c
p,v,f,k,c
p,v,y,k,c
e,n,n,k,w
p,c,m,k,c
p,v,y,s,c
e,v,n,s,c
p,v,f,s,c
e,s,n,k,w
e,s,n,k,w
p,v,s,s,c
p,v,y,s,c
p,v,f,s,c
p,v,f,s,c
p,v,s,k,c
p,v,y,s,c
e,s,n,k,w
p,v,y,s,c
e,s,n,s,w
p,c,n,y,w
p,v,s,s,c
p,v,y,k,c
e,s,n,s,w
e,v,n,s,c
p,v,y,s,c
e,c,n,s,c
p,v,y,s,c
p,v,f,k,c
p,v,y,s,c
e,s,n,s,w
e,c,n,s,c
e,v,n,s,c
p,v,f,s,c
e,v,n,s,c
e,s,n,k,w
p,v,s,k,c
e,n,n,k,w
p,v,f,k,c
p,v,y,s,c
p,v,s,s,c
e,y,n,s,c
p,v,f,k,c
p,v,f,s,c
e,c,n,s,c
p,v,f,k,c
p,v,y,k,c
p,v,y,k,c
p,v,s,s,c
p,v,f,k,c
p,v,s,k,c
e,c,n,s,c
p,v,s,k,c
e,s,n,s,w
p,v,s,s,c
p,v,y,s,c
e,v,n,s,c
p,v,s,s,c
e,s,n,s,w
e,v,n,s,c
p,v,s,s,c
p,v,s,s,c
e,y,n,s,c
e,n,n,s,w
e,n,n,k,w
e,c,n,s,c
p,v,s,k,c
p,v,y,s,c
e,y,n,y,c
e,s,n,k,w
p,v,f,k,c
p,v,f,s,c
p,v,f,s,c
p,v,f,s,c
e,v,n,s,c
p,v,f,s,c
p,v,s,s,c
p,v,f,s,c
e,c,n,s,c
e,n,n,k,w
p,v,s,s,c
p,v,f,s,c
e,s,n,s,w
p,v,s,k,c
p,v,s,k,c
p,v,y,s,c
e,c,n,s,c
e,s,n,s,w
p,c,m,k,c
p,v,f,k,c
p,v,f,k,c
p,v,y,s,c
p,v,f,k,c
p,v,s,k,c
p,v,s,s,c
p,v,y,k,c
p,v,s,s,c
p,v,y,s,c
e,s,n,k,w
p,c,m,k,c
e,v,n,s,c
p,v,y,k,c
p,c,n,y,w
p,v,s,k,c
p,c,m,k,c
e,n,n,s,w
p,v,y,s,c
p,v,s,k,c
p,v,y,s,c
e,c,n,s,c
p,v,s,s,c
p,v,f,k,c
p,v,s,k,c
p,v,s,s,c
p,v,s,k,c
p,v,s,s,c
p,v,y,s,c
e,s,n,k,w
e,s,n,s,w
e,s,n,k,w
p,v,s,k,c
p,v,f,k,c
p,v,y,s,c
p,v,f,s,c
p,v,y,k,c
p,v,f,k,c
p,v,y,s,c
p,v,y,s,c
p,v,s,s,c
e,c,n,s,c
p,v,s,s,c
p,v,s,k,c
e,n,n,k,w
e,n,n,s,w
p,v,s,s,c
e,c,n,s,c
p,v,s,k,c
p,v,s,s,c
p,v,s,s,c
p,v,s,k,c
p,v,f,k,c
e,c,n,s,c
e,c,n,s,c
e,s,n,k,w
p,v,y,k,c
e,c,n,s,c
p,v,s,k,c
e,s,n,k,w
e,n,n,k,w
p,v,s,k,c
e,c,n,s,c
e,n,n,s,w
e,y,n,y,c
e,s,n,s,w
e,n,n,k,w
p,c,m,k,c
e,c,n,s,c
p,v,y,s,c
p,v,s,s,c
e,n,n,k,w
e,s,n,k,w
e,s,n,k,w
e,v,n,s,c
p,v,f,s,c
p,v,s,k,c
p,v,s,s,c
e,v,n,s,c
e,v,n,s,c
p,v,f,k,c
e,s,n,k,w
p,v,y,s,c
e,s,n,k,w
p,v,s,s,c
p,v,s,s,c
e,c,n,s,c
p,v,y,k,c
p,v,f,k,c
e,v,n,s,c
e,n,n,k,w
e,n,n,k,w
e,v,n,s,c
p,v,y,s,c
p,v,y,k,c
e,s,n,s,w
p,v,y,k,c
e,s,n,s,w
p,v,s,k,c
p,v,f,s,c
p,v,s,k,c
e,y,n,y,c
p,v,y,k,c
p,v,y,k,c
e,s,n,s,w
p,v,s,k,c
p,v,f,k,c
e,n,n,k,w
p,v,f,s,c
p,v,y,s,c
p,v,s,k,c
p,v,y,s,c
e,n,n,s,w
p,v,y,k,c
p,v,s,k,c
e,s,n,k,w
e,n,n,s,w
e,s,n,k,w
p,v,s,s,c
p,v,y,s,c
p,v,y,k,c
e,s,n,s,w
p,v,f,s,c
p,v,s,k,c
e,s,n,s,w
p,v,y,s,c
p,v,f,k,c
p,v,s,s,c
e,v,n,s,c
p,v,f,k,c
p,v,f,k,c
p,c,n,y,w
p,v,f,k,c
e,y,n,s,c
p,v,f,s,c
e,s,n,k,w
p,v,s,s,c
p,v,f,k,c
p,v,y,s,c
p,v,y,s,c
e,n,n,k,w
e,n,n,k,w
p,v,s,k,c
e,c,n,s,c
p,v,y,k,c
p,v,y,s,c
e,s,n,k,w
p,v,y,s,c
e,v,n,s,c
p,v,y,s,c
p,v,y,k,c
p,v,y,k,c
p,v,y,s,c
e,n,n,s,w
e,s,n,s,w
p,v,y,s,c
p,v,f,k,c
e,s,n,k,w
e,c,n,s,c
p,v,s,k,c
p,v,s,s,c
e,v,n,s,c
e,s,n,k,w
e,n,n,k,w
p,v,y,s,c
p,v,f,s,c
p,c,m,k,c
e,c,n,s,c
p,v,f,s,c
p,v,s,k,c
p,v,s,s,c
e,s,n,s,w
e,s,n,k,w
e,n,n,k,w
e,n,n,k,w
e,n,n,k,w
p,v,s,k,c
p,v,s,k,c
p,v,s,s,c
p,v,f,k,c
e,s,n,k,w
e,s,n,k,w
e,n,n,s,w
e,c,n,s,c
p,v,s,s,c
p,v,f,s,c
p,v,y,s,c
p,v,y,s,c
p,v,f,k,c
e,v,n,s,c
e,s,n,s,w
p,v,y,k,c
p,v,y,k,c
e,s,n,s,w
p,v,s,k,c
e,c,n,s,c
e,v,n,s,c
p,v,s,k,c
p,v,s,k,c
p,v,s,k,c
p,v,s,s,c
p,v,f,k,c
e,s,n,k,w
p,v,f,s,c
e,v,n,s,c
e,v,n,s,c
p,v,y,s,c
p,v,f,s,c
p,v,f,s,c
e,s,n,s,w
p,v,s,k,c
e,s,n,k,w
p,v,f,s,c
e,s,n,s,w
p,v,f,s,c
p,v,s,s,c
e,n,n,k,w
p,v,f,s,c
p,v,s,s,c
e,v,n,s,c
e,v,n,s,c
p,v,y,k,c
p,v,s,k,c
e,c,n,s,c
p,v,y,s,c
p,v,f,s,c
p,v,s,k,c
p,v,f,s,c
p,v,f,s,c
e,n,n,s,w
e,v,n,s,c
p,v,s,k,c
e,v,n,s,c
e,y,n,y,c
p,v,y,k,c
e,y,n,s,c
e,v,n,s,c
p,c,n,y,w
p,v,f,k,c
p,v,f,s,c
p,c,m,k,c
e,v,n,s,c
p,v,s,s,c
e,s,n,s,w
p,v,f,s,c
p,c,m,k,c
p,v,s,s,c
e,c,n,s,c
e,y,n,y,c
p,v,s,k,c
p,v,y,s,c
e,s,n,k,w
e,v,n,s,c
p,v,s,k,c
e,c,n,s,c
e,n,n,k,w
e,n,n,s,w
p,v,y,k,c
p,c,m,k,c
p,v,s,s,c
e,c,n,s,c
p,v,f,s,c
p,v,s,k,c
p,v,y,k,c
p,v,s,k,c
p,v,f,k,c
p,v,f,s,c
e,n,n,s,w
e,v,n,s,c
p,v,s,k,c
p,c,n,y,w
e,n,n,k,w
e,c,n,s,c
p,v,s,k,c
e,s,n,s,w
e,n,n,s,w
e,c,n,s,c
e,n,n,k,w
e,n,n,k,w
e,n,n,s,w
e,n,n,k,w
p,v,f,s,c
p,v,s,s,c
e,s,n,s,w
e,s,n,s,w
p,v,f,s,c
p,v,s,k,c
p,v,f,k,c
p,v,f,k,c
p,v,s,k,c
e,v,n,s,c
p,v,s,s,c
e,n,n,s,w
e,v,n,s,c
e,n,n,k,w
p,v,s,k,c
e,v,n,s,c
p,v,f,k,c
p,v,f,k,c
p,v,s,s,c
e,s,n,s,w
p,v,f,k,c
p,v,s,k,c
e,s,n,s,w
p,v,y,k,c
p,v,y,s,c
p,v,f,k,c
e,n,n,s,w
e,s,n,k,w
p,v,s,k,c
e,y,n,y,c
p,v,y,s,c
p,v,s,s,c
e,v,n,s,c
e,n,n,s,w
p,v,f,s,c
p,v,s,s,c
p,v,f,k,c
p,v,f,s,c
e,c,n,s,c
p,v,y,s,c
e,s,n,s,w
e,c,n,s,c
p,v,s,k,c
p,v,y,k,c
p,v,s,s,c
e,n,n,s,w
p,v,y,k,c
e,s,n,s,w
p,v,s,k,c
p,v,s,k,c
p,v,s,k,c
p,c,m,k,c
p,v,s,s,c
e,s,n,k,w
p,v,y,s,c
p,c,m,k,c
p,v,y,s,c
e,c,n,s,c
p,v,s,s,c
e,n,n,s,w
e,n,n,s,w
e,v,n,s,c
p,v,s,s,c
e,c,n,s,c
e,n,n,s,w
p,v,s,s,c
p,v,y,k,c
e,n,n,k,w
e,n,n,s,w
p,v,f,s,c
p,c,m,k,c
p,v,f,s,c
p,v,f,s,c
e,s,n,k,w
p,v,f,k,c
e,v,n,s,c
p,v,s,k,c
p,v,s,s,c
e,v,n,s,c
e,v,n,s,c
e,n,n,k,w
e,c,n,s,c
p,v,y,s,c
e,v,n,s,c
e,c,n,s,c
p,v,y,s,c
e,c,n,s,c
p,v,f,k,c
e,n,n,k,w
p,v,y,s,c
e,v,n,s,c
p,v,s,k,c
e,s,n,k,w
e,s,n,k,w
e,v,n,s,c
e,c,n,s,c
p,v,y,s,c
e,n,n,k,w
p,v,f,k,c
p,v,s,k,c
p,v,f,s,c
p,v,f,k,c
p,v,s,s,c
p,v,s,s,c
e,n,n,k,w
p,v,s,s,c
p,v,y,k,c
p,v,s,s,c
e,n,n,s,w
e,c,n,s,c
e,n,n,k,w
p,v,f,s,c
p,v,f,s,c
p,v,s,s,c
p,v,f,k,c
p,v,f,k,c
e,v,n,s,c
e,s,n,k,w
p,v,f,k,c
p,v,f,k,c
e,n,n,k,w
e,v,n,s,c
e,n,n,k,w
p,v,s,s,c
p,v,f,s,c
p,v,y,s,c
p,v,y,k,c
p,v,s,k,c
e,c,n,s,c
p,v,f,k,c
p,v,s,k,c
p,v,f,s,c
e,s,n,s,w
p,v,y,k,c
p,v,y,k,c
p,v,f,s,c
e,v,n,s,c
e,y,n,y,c
p,v,s,k,c
p,v,s,k,c
e,s,n,s,w
p,v,s,s,c
p,v,y,s,c
e,c,n,s,c
e,s,n,s,w
e,n,n,k,w
p,v,y,k,c
p,v,s,s,c
e,v,n,s,c
p,v,y,s,c
e,s,n,k,w
p,v,s,s,c
p,v,y,s,c
p,v,f,s,c
e,s,n,k,w
e,v,n,s,c
p,v,f,k,c
e,s,n,s,w
p,v,f,s,c
e,s,n,s,w
p,c,m,k,c
e,v,n,s,c
e,n,n,s,w
e,v,n,s,c
p,v,f,k,c
e,v,n,s,c
e,n,n,s,w
p,v,f,s,c
e,n,n,s,w
e,v,n,s,c
p,v,f,s,c
e,n,n,s,w
e,c,n,s,c
p,v,f,k,c
p,v,y,s,c
p,v,s,s,c
p,v,s,s,c
e,c,n,s,c
p,v,s,k,c
e,s,n,s,w
p,v,f,k,c
e,y,n,y,c
p,v,s,s,c
e,s,n,k,w
p,v,f,s,c
p,v,y,k,c
p,v,f,s,c
e,c,n,s,c
e,n,n,s,w
e,c,n,s,c
e,y,n,s,c
p,c,m,k,c
p,v,y,s,c
p,v,f,k,c
e,v,n,s,c
e,c,n,s,c
e,v,n,s,c
p,v,s,k,c
p,v,y,s,c
p,v,s,s,c
p,v,y,s,c
p,v,f,k,c
e,v,n,s,c
e,c,n,s,c
e,n,n,s,w
e,s,n,s,w
e,c,n,s,c
e,c,n,s,c
e,n,n,s,w
p,v,f,k,c
e,s,n,k,w
p,v,y,s,c
p,v,y,k,c
p,v,f,s,c
e,v,n,s,c
e,y,n,s,c
e,n,n,s,w
p,v,f,k,c
p,v,f,s,c
p,v,y,s,c
e,c,n,s,c
e,v,n,s,c
e,s,n,s,w
p,v,f,s,c
e,s,n,k,w
e,n,n,s,w
e,n,n,k,w
e,v,n,s,c
p,v,s,s,c
e,v,n,s,c
p,v,f,k,c
p,c,m,k,c
p,v,y,s,c
e,n,n,s,w
e,y,n,y,c
e,c,n,s,c
e,y,n,y,c
p,v,f,k,c
e,c,n,s,c
p,v,y,k,c
p,v,f,k,c
e,n,n,k,w
p,v,f,s,c
e,s,n,k,w
e,c,n,s,c
p,v,y,s,c
e,v,n,s,c
p,v,y,k,c
p,v,s,s,c
e,v,n,s,c
e,c,n,s,c
e,y,n,y,c
e,s,n,k,w
e,v,n,s,c
p,v,f,s,c
p,v,s,s,c
p,v,y,s,c
p,v,f,s,c
p,v,f,k,c
e,v,n,s,c
e,v,n,s,c
e,v,n,s,c
p,v,s,s,c
e,v,n,s,c
e,s,n,s,w
e,s,n,k,w
p,v,s,k,c
e,n,n,k,w
e,s,n,s,w
e,s,n,s,w
p,v,y,s,c
p,v,y,k,c
p,v,y,k,c
p,v,y,s,c
p,v,f,k,c
e,c,n,s,c
e,v,n,s,c
p,v,f,k,c
p,v,f,s,c
e,n,n,s,w
e,s,n,s,w
p,v,f,s,c
p,v,f,s,c
p,v,f,s,c
e,c,n,s,c
e,n,n,k,w
e,v,n,s,c
p,v,y,k,c
e,y,n,s,c
p,v,f,s,c
e,v,n,s,c
p,v,y,k,c
e,c,n,s,c
e,v,n,s,c
e,c,n,s,c
p,v,y,k,c
e,n,n,k,w
p,v,y,s,c
p,v,y,s,c
p,v,f,k,c
p,v,s,s,c
e,s,n,s,w
e,v,n,s,c
p,v,f,k,c
e,v,n,s,c
e,n,n,k,w
e,v,n,s,c
e,v,n,s,c
p,v,s,s,c
p,v,f,s,c
p,v,s,k,c
p,v,s,k,c
p,v,y,s,c
e,s,n,k,w
p,v,f,s,c
e,v,n,s,c
p,v,f,k,c
e,c,n,s,c
e,c,n,s,c
e,c,n,s,c
p,v,s,k,c
e,v,n,s,c
p,v,f,k,c
e,v,n,s,c
e,n,n,k,w
e,c,n,s,c
e,c,n,s,c
e,v,n,s,c
e,s,n,s,w
p,v,f,s,c
p,v,s,s,c
p,v,f,k,c
p,v,s,k,c
p,v,y,s,c
e,s,n,k,w
e,s,n,s,w
e,v,n,s,c
p,v,f,k,c
e,v,n,s,c
p,v,f,k,c
p,v,f,k,c
p,v,f,s,c
p,v,y,s,c
p,v,y,k,c
e,n,n,k,w
p,c,m,k,c
e,n,n,k,w
p,v,s,k,c
p,v,y,k,c
e,s,n,k,w
e,v,n,s,c
p,v,s,s,c
e,c,n,s,c
e,c,n,s,c
e,v,n,s,c
e,v,n,s,c
e,v,n,s,c
e,c,n,s,c
p,v,y,k,c
e,n,n,s,w
e,v,n,s,c
e,n,n,s,w
e,v,n,s,c
p,v,y,k,c
p,c,m,k,c
e,v,n,s,c
p,v,s,s,c
p,v,y,k,c
p,v,f,k,c
e,c,n,s,c
e,v,n,s,c
e,c,n,s,c
p,v,y,s,c
e,c,n,s,c
